{"user_id":"0051ecfd361d4bfec3d13f5b3e3bf1dc","top_tracks":{"artists_short_term":["spotify:artist:7jy3rLJdDQY21OgRLCZ9sD","spotify:artist:6XyY86QOPPrYVGvF9ch6wz","spotify:artist:4UXqAaa6dQYAk18Lv7PEgX","spotify:artist:0p4nmQO2msCgU4IF37Wi3j","spotify:artist:2DaxqgrOhkeH0fpeiQq2f4","spotify:artist:1dfeR4HaWDbWqFHLkxsg1d","spotify:artist:3CjlHNtplJyTf9npxaPl5w","spotify:artist:6eUKZXaKkcviH0Ku9w2n3V","spotify:artist:711MCceyCBcFnzjGY4Q7Un","spotify:artist:0ZZr6Y49NZWRJc0uCwqpMR"],"tracks_short_term":["spotify:track:7lidXGPXPYLNThITAOTlkK","spotify:track:1di1BEgJYzPvXUuinsYJGP","spotify:track:5px6upUHM3fhOP621Edp4V","spotify:track:2d6m2F4I7wCuAKtSsdhh83","spotify:track:0sf12qNH5qcw8qpgymFOqD","spotify:track:1vjIHlmc4WfIaEl74YAvX0","spotify:track:57bgtoPSgt236HzfBOd8kj","spotify:track:5dcYoYFAXh0f0qI05AoufB","spotify:track:63qgyQv5K7EgD4DiwoqeQ0","spotify:track:0COqiPhxzoWICwFCS4eZcp"],"artists_medium_term":["spotify:artist:0p4nmQO2msCgU4IF37Wi3j","spotify:artist:4UXqAaa6dQYAk18Lv7PEgX","spotify:artist:6XyY86QOPPrYVGvF9ch6wz","spotify:artist:7jy3rLJdDQY21OgRLCZ9sD","spotify:artist:2DaxqgrOhkeH0fpeiQq2f4","spotify:artist:6eUKZXaKkcviH0Ku9w2n3V","spotify:artist:711MCceyCBcFnzjGY4Q7Un","spotify:artist:7FBcuc1gsnv6Y1nwFtNRCb","spotify:artist:74XFHRwlV6OrjEM0A2NCMF","spotify:artist:0C0XlULifJtAgn6ZNCW2eu"],"tracks_medium_term":["spotify:track:7lidXGPXPYLNThITAOTlkK","spotify:track:1vjIHlmc4WfIaEl74YAvX0","spotify:track:2d6m2F4I7wCuAKtSsdhh83","spotify:track:1u0l8zWpQeMYStFkc2mLD7","spotify:track:2qT1uLXPVPzGgFOx4jtEuo","spotify:track:63CHa6rmamv9OsehkRD8oz","spotify:track:3D3B7vahQasg8rdAYrEbNT","spotify:track:0lGzOhIr6Fs5TaQfp7RDLj","spotify:track:6STHWwMa2vbr1nKArQH7hd","spotify:track:00Mb3DuaIH1kjrwOku9CGU"],"artists_long_term":["spotify:artist:2DaxqgrOhkeH0fpeiQq2f4","spotify:artist:4UXqAaa6dQYAk18Lv7PEgX","spotify:artist:74XFHRwlV6OrjEM0A2NCMF","spotify:artist:7jy3rLJdDQY21OgRLCZ9sD","spotify:artist:0p4nmQO2msCgU4IF37Wi3j","spotify:artist:6XyY86QOPPrYVGvF9ch6wz","spotify:artist:711MCceyCBcFnzjGY4Q7Un","spotify:artist:26VFTg2z8YR0cCuwLzESi2","spotify:artist:3CjlHNtplJyTf9npxaPl5w","spotify:artist:1dfeR4HaWDbWqFHLkxsg1d"],"tracks_long_term":["spotify:track:1BRwoXOWMCGUeMFD4lEH6h","spotify:track:5whbAX7oZ7MDlgBplPDkJb","spotify:track:340UVheS8z3ncW9TTUhAbc","spotify:track:7lidXGPXPYLNThITAOTlkK","spotify:track:3i4xZSH1kTLE22TUvUFMYo","spotify:track:1vjIHlmc4WfIaEl74YAvX0","spotify:track:17eu2pSgSUpIG1GFWBnODv","spotify:track:3VMzQ4rh7FtfSuyjHIcuZR","spotify:track:5Y5dD1FX0cZzr7sO7giHwD","spotify:track:5xEM5hIgJ1jjgcEBfpkt2F"]},"chosen_tracks":["spotify:track:3Zwu2K0Qa5sT6teCCHPShP","spotify:track:2XvrMHbSO077Ajg7QTTNdY","spotify:track:5w4s2ccJcpiNlajHVGtHDg","spotify:track:4SMbJ6BAY9LdudY8v7HJpH","spotify:track:2tDz0gabkgCjFE34CWvwrl","spotify:track:1OBTq57HMVMIxFwVCPcgDA","spotify:track:6sqNctd7MlJoKDOxPVCAvU","spotify:track:2d6m2F4I7wCuAKtSsdhh83","spotify:track:7lRlq939cDG4SzWOF4VAnd","spotify:track:5wQnmLuC1W7ATsArWACrgW"],"feedback":""}