{"user_id":"0071524ade8e1da9d136447265ddf26d","top_tracks":{"tracks_short_term":["spotify:track:2IHLaN6wwYKQ3S24NsQqpA","spotify:track:25qfFpoGhk9Njgu5nl36sS","spotify:track:73SpzrcaHk0RQPFP73vqVR","spotify:track:14BH4qO7pgCmIe6mgLKOK3","spotify:track:4wNIkl5XGiAACjFBlDWuSd","spotify:track:3ksNHUNCTP6Pan8rjFnmtw","spotify:track:6tcjcJFRSdkIlThUUP39mJ","spotify:track:4l0Mvzj72xxOpRrp6h8nHi","spotify:track:1JRK7srBWUtAW7dPabKBwJ","spotify:track:56khZQKfmdTikYbbZLgxAY"],"artists_short_term":["spotify:artist:06HL4z0CvFAxyc27GXpf02","spotify:artist:2jHp7gQArCQrlMvdrIVFCg","spotify:artist:4GNC7GD6oZMSxPGyXy4MNB","spotify:artist:3D2GUXbtlL3r2d5HJEnsFD","spotify:artist:3e7awlrlDSwF3iM0WBjGMp","spotify:artist:6jJ0s89eD6GaHleKKya26X","spotify:artist:4JNfz6aO9ZFz0gp5GY88am","spotify:artist:6eUKZXaKkcviH0Ku9w2n3V","spotify:artist:6KImCVD70vtIoJWnq6nGn3","spotify:artist:5Rl15oVamLq7FbSb0NNBNy"],"artists_medium_term":["spotify:artist:06HL4z0CvFAxyc27GXpf02","spotify:artist:6eUKZXaKkcviH0Ku9w2n3V","spotify:artist:3D2GUXbtlL3r2d5HJEnsFD","spotify:artist:3e7awlrlDSwF3iM0WBjGMp","spotify:artist:56oDRnqbIiwx4mymNEv7dS","spotify:artist:4GNC7GD6oZMSxPGyXy4MNB","spotify:artist:2jHp7gQArCQrlMvdrIVFCg","spotify:artist:4JNfz6aO9ZFz0gp5GY88am","spotify:artist:6jJ0s89eD6GaHleKKya26X","spotify:artist:6qqNVTkY8uBg9cP3Jd7DAH"],"tracks_medium_term":["spotify:track:3cphb8kdsjElYR7r5icK3H","spotify:track:1HfMVBKM75vxSfsQ5VefZ5","spotify:track:79qxwHypONUt3AFq0WPpT9","spotify:track:4YutJsNwBBInE8vemufpQ8","spotify:track:2QDMQcbiWYlyuLa9wFnnBX","spotify:track:1JRK7srBWUtAW7dPabKBwJ","spotify:track:2eGxZNPQVTWjXSKazFQOMg","spotify:track:3D9MKbMaHCZjSEcCWf4wDm","spotify:track:5sdTTy6GnSHRJfWI2ZvAGe","spotify:track:76wIe1sRiW5whxjY0PsDr4"],"tracks_long_term":["spotify:track:2czTwBUyZHzWXS06IzED4N","spotify:track:1gw0YCogZvwqh39aCj7ksZ","spotify:track:172e82oK9vGoBPvc6SqMm5","spotify:track:79hitdhvdosfnN1J47x3ZN","spotify:track:2BnjU9TqIovk0IQ7jJaA4z","spotify:track:7COXchtUOMd6uIT6HvmRaI","spotify:track:5qmq61DAAOUaW8AUo8xKhh","spotify:track:7J771Fis8fPBYIv6cNvDni","spotify:track:3cphb8kdsjElYR7r5icK3H","spotify:track:4y3OI86AEP6PQoDE6olYhO"],"artists_long_term":["spotify:artist:06HL4z0CvFAxyc27GXpf02","spotify:artist:6eUKZXaKkcviH0Ku9w2n3V","spotify:artist:3e7awlrlDSwF3iM0WBjGMp","spotify:artist:3D2GUXbtlL3r2d5HJEnsFD","spotify:artist:4AK6F7OLvEQ5QYCBNiQWHq","spotify:artist:1HY2Jd0NmPuamShAr6KMms","spotify:artist:5Rl15oVamLq7FbSb0NNBNy","spotify:artist:4GNC7GD6oZMSxPGyXy4MNB","spotify:artist:6qqNVTkY8uBg9cP3Jd7DAH","spotify:artist:66CXWjxzNUsdJxJ2JdwvnR"]},"chosen_tracks":["spotify:track:3i9UVldZOE0aD0JnyfAZZ0","spotify:track:2slqvGLwzZZYsT4K4Y1GBC","spotify:track:73SpzrcaHk0RQPFP73vqVR","spotify:track:2IHLaN6wwYKQ3S24NsQqpA","spotify:track:56twMOlq9DJc3EgpVUVIrW","spotify:track:0STK94RxUulYqWzwFlyAb5","spotify:track:4wNIkl5XGiAACjFBlDWuSd","spotify:track:22vgEDb5hykfaTwLuskFGD","spotify:track:7yfi8B8opXjnRh4VZnOkz9","spotify:track:2VEsmoek0sol9MnJFyoG9e"],"feedback":""}