{"user_id":"009b9c2e18e59c336c152549d05021e2","top_tracks":{"artists_short_term":["spotify:artist:6qqNVTkY8uBg9cP3Jd7DAH","spotify:artist:0D9N9NxMbXKjmoRI1JVdz8","spotify:artist:4r63FhuTkUYltbVAg5TQnk","spotify:artist:0EeQBlQJFiAfJeVN2vT9s0","spotify:artist:6Ip8FS7vWT1uKkJSweANQK","spotify:artist:3rbtPd0NcvhO2AzMfzx90z","spotify:artist:2SrSdSvpminqmStGELCSNd","spotify:artist:40NRiKuuhj1pgGYppptlBO","spotify:artist:74XFHRwlV6OrjEM0A2NCMF","spotify:artist:1sLYZv95ZXwVfyGHan5w45"],"tracks_short_term":["spotify:track:61X077SWMs5aAGQHhf4pd0","spotify:track:3Q3myFA7q4Op95DOpHplaY","spotify:track:20DInrAonQILzH7q8CvNVF","spotify:track:73SpzrcaHk0RQPFP73vqVR","spotify:track:2gTdDMpNxIRFSiu7HutMCg","spotify:track:2GJf6PG3GmwwqwWVKIK5B0","spotify:track:0PX9O7QzWYClP6PPuIaomj","spotify:track:3DKCTIiJ97bS9TGiqcABjo","spotify:track:0PY7hkxiwp1tqGD8IBB1W1","spotify:track:7jzldCBnJjpJM3epzJ85KE"],"artists_medium_term":["spotify:artist:74XFHRwlV6OrjEM0A2NCMF","spotify:artist:6qqNVTkY8uBg9cP3Jd7DAH","spotify:artist:0D9N9NxMbXKjmoRI1JVdz8","spotify:artist:6TIYQ3jFPwQSRmorSezPxX","spotify:artist:6Ip8FS7vWT1uKkJSweANQK","spotify:artist:4r63FhuTkUYltbVAg5TQnk","spotify:artist:3rbtPd0NcvhO2AzMfzx90z","spotify:artist:6DPYiyq5kWVQS4RGwxzPC7","spotify:artist:2SrSdSvpminqmStGELCSNd","spotify:artist:0EeQBlQJFiAfJeVN2vT9s0"],"tracks_medium_term":["spotify:track:3DKCTIiJ97bS9TGiqcABjo","spotify:track:2gTdDMpNxIRFSiu7HutMCg","spotify:track:3Q3myFA7q4Op95DOpHplaY","spotify:track:3WyRgi8CzQnhzO0xw79tTS","spotify:track:7jzldCBnJjpJM3epzJ85KE","spotify:track:61X077SWMs5aAGQHhf4pd0","spotify:track:2nyTaLu3TTrSS6CAxR3z0b","spotify:track:2vfYs0MWqvIjLhWFoYkPSZ","spotify:track:43zdsphuZLzwA9k4DJhU0I","spotify:track:0PX9O7QzWYClP6PPuIaomj"],"tracks_long_term":["spotify:track:3DKCTIiJ97bS9TGiqcABjo","spotify:track:2gTdDMpNxIRFSiu7HutMCg","spotify:track:3WyRgi8CzQnhzO0xw79tTS","spotify:track:2nyTaLu3TTrSS6CAxR3z0b","spotify:track:3Q3myFA7q4Op95DOpHplaY","spotify:track:3zDOkbMLOAnHwZJFWS84b6","spotify:track:2GJf6PG3GmwwqwWVKIK5B0","spotify:track:7jzldCBnJjpJM3epzJ85KE","spotify:track:61X077SWMs5aAGQHhf4pd0","spotify:track:4IqbcKIOAi7fbEP69piITx"],"artists_long_term":["spotify:artist:74XFHRwlV6OrjEM0A2NCMF","spotify:artist:7bHTSvk96ULRLZPZr1SoCZ","spotify:artist:46gyXjRIvN1NL1eCB8GBxo","spotify:artist:4tususHNaR68xdgLstlGBA","spotify:artist:6kNKUYGn6VNGsRoXmyoDPK","spotify:artist:2CmaKO2zEGJ1NWpS1yfVGz","spotify:artist:6qqNVTkY8uBg9cP3Jd7DAH","spotify:artist:4UXqAaa6dQYAk18Lv7PEgX","spotify:artist:4r63FhuTkUYltbVAg5TQnk","spotify:artist:3mIj9lX2MWuHmhNCA7LSCW"]},"chosen_tracks":["spotify:track:73SpzrcaHk0RQPFP73vqVR","spotify:track:61X077SWMs5aAGQHhf4pd0","spotify:track:0vjYxBDAcflD0358arIVZG","spotify:track:3sUTuGtwusULswgwtN3HlE","spotify:track:3Q3myFA7q4Op95DOpHplaY"],"feedback":""}