{"user_id":"022c1162a56132c8006eb0431b4604c5","top_tracks":{"artists_short_term":["spotify:artist:5nBRhKUrDHDuTW7MIbR2IB","spotify:artist:7bPs6jf983f0bjRAt1yxDM","spotify:artist:0bzfPKdbXL5ezYW2z3UGQj","spotify:artist:7gqsi6aBSkRMJoL9psKqMr","spotify:artist:5o206eFLx38glA2bb4zqIU","spotify:artist:4HxO3QaVzlJVsVWOe8WyOP","spotify:artist:5l8VQNuIg0turYE1VtM9zV","spotify:artist:3WrFJ7ztbogyGnTHbHJFl2","spotify:artist:0k17h0D3J5VfsdmQ1iZtE9","spotify:artist:34508dX6EdFdskeHYJdnF1"],"artists_medium_term":["spotify:artist:0bzfPKdbXL5ezYW2z3UGQj","spotify:artist:7bPs6jf983f0bjRAt1yxDM","spotify:artist:4UXJsSlnKd7ltsrHebV79Q","spotify:artist:2yEwvVSSSUkcLeSTNyHKh8","spotify:artist:1fpXM23IoNckJ7NDAm8YJQ","spotify:artist:2zAvisjImPICTNsRgagqlV","spotify:artist:7gqsi6aBSkRMJoL9psKqMr","spotify:artist:3WrFJ7ztbogyGnTHbHJFl2","spotify:artist:5l8VQNuIg0turYE1VtM9zV","spotify:artist:246dkjvS1zLTtiykXe5h60"],"tracks_short_term":["spotify:track:0sf12qNH5qcw8qpgymFOqD","spotify:track:2VkQOOtMhEkd2KF2AAGVKD","spotify:track:7uscxHWlCBoy6DeL7CocBF","spotify:track:2JfjERAADA8J0mscjRexhF","spotify:track:0nbXyq5TXYPCO7pr3N8S4I","spotify:track:0LuVpXVTaWY9Un2w9GkXjf","spotify:track:39zWYYZStDgWi32sOU9AX4","spotify:track:5hJXNHEbZMMRIfhqPj7FhD","spotify:track:6J0qtvtsAItRdv1Ba4ZdFS","spotify:track:6tDUycYne90biuDHhxOeHX"],"tracks_medium_term":["spotify:track:7uscxHWlCBoy6DeL7CocBF","spotify:track:3zJ5RDG0bLQAV2rntFgUtb","spotify:track:0sf12qNH5qcw8qpgymFOqD","spotify:track:6J0qtvtsAItRdv1Ba4ZdFS","spotify:track:6Hj9jySrnFppAI0sEMCZpJ","spotify:track:39zWYYZStDgWi32sOU9AX4","spotify:track:3ALvHGMoXNkPR099qZqJhS","spotify:track:28VPwKoMfagSr5RnofkRkl","spotify:track:1e1a7eAlICks9mch3UVsEH","spotify:track:50AWhpT326QvfEwgOOwAqU"],"artists_long_term":["spotify:artist:0oSGxfWSnnOXhD2fKuz2Gy","spotify:artist:7evlWm7RyagYqxSQN5E6UN","spotify:artist:0XHM5ZNJDU8e4CfbWMeSzC","spotify:artist:6kACVPfCOnqzgfEF5ryl0x","spotify:artist:4UXJsSlnKd7ltsrHebV79Q","spotify:artist:6v8FB84lnmJs434UJf2Mrm","spotify:artist:0yv1W9HeASlBRyWrzRMhWh","spotify:artist:3Caot8EtHX6wLpNF2wRzS0","spotify:artist:7A6JmzQ1VLKqqLQGlBc1Hm","spotify:artist:3AlRiyjMywTVNzTcHbf9QT"],"tracks_long_term":["spotify:track:6zDwrk0h49oE3RYNGZ822v","spotify:track:1wuH7cMQr7719Yh019BX1d","spotify:track:4iCONW9WI9nxLlfkWdIT6J","spotify:track:69bp2EbF7Q2rqc5N3ylezZ","spotify:track:0sFTwESGXzqNkr7x4Mi2qy","spotify:track:1TVuXe3uU76qjc2mobuFvo","spotify:track:6Z2bxdL0pFBubJQe6yI6OE","spotify:track:62DBa9iwXVgod4bPtmg4xe","spotify:track:7DFNE7NO0raLIUbgzY2rzm","spotify:track:4ZHqll0Bhc1nr3hB4Eg7rg"]},"chosen_tracks":["spotify:track:4kxgHXPqlXSEsSoizqjvLQ","spotify:track:5y2px9MhHLYleyd7azQEj2","spotify:track:6DyywdbmTzlmXBzG9ym7Rt","spotify:track:1e1a7eAlICks9mch3UVsEH","spotify:track:7jfZybgHr6yzp4iuMS2K8u"],"feedback":"Several songs, from the past or recent that  explain different styles i like"}