{"user_id":"03b0d52c8d5c129047c0f8c0fba0aafc","top_tracks":{"artists_short_term":["spotify:artist:6B5c4sch27tWHAGdarpPaW","spotify:artist:2RiGIRDi4GoJpDbjDnPVJl","spotify:artist:12YY9wgi8ufdP5iw8RggVO","spotify:artist:6wWVKhxIU2cEi0K81v7HvP","spotify:artist:4S0foX2r0RlC12KBW8u73D","spotify:artist:5oC2jQBUSAFTpAxQe7iTyz","spotify:artist:0ofu3spkMmDV3INNoMtXbM","spotify:artist:6d24kC5fxHFOSEAmjQPPhc","spotify:artist:4fwuXg6XQHfdlOdmw36OHa","spotify:artist:0hAd6zwEgt9ILuMDY1prcI"],"artists_medium_term":["spotify:artist:2RiGIRDi4GoJpDbjDnPVJl","spotify:artist:1AZ30JnvQU1pbX6sbRE0Yn","spotify:artist:3l02WF362j1oHOurzuseBv","spotify:artist:0GDGKpJFhVpcjIGF8N6Ewt","spotify:artist:6tkhw6PSVw7b2M7h5fLBLE","spotify:artist:7aW0i5ASfG998fHzkNDniL","spotify:artist:3YQKmKGau1PzlVlkL1iodx","spotify:artist:2CmaKO2zEGJ1NWpS1yfVGz","spotify:artist:1n5S81eeVtaFs2vvo7p234","spotify:artist:6B5c4sch27tWHAGdarpPaW"],"tracks_short_term":["spotify:track:0X1zjCDxFN3EMrynV8eWOZ","spotify:track:4w6K8eMuWck8OSJ1fdvU9e","spotify:track:6fh4QlIDBlfOoSCyVQn3YL","spotify:track:0Q9f1NBvKCC37V4oJVEgCh","spotify:track:2o1UBhSgNo4vIzpFB4xRn7","spotify:track:3mNJnrphRRXNC7pl6Iaf2x","spotify:track:5etsnSg4MXfk8DsjCEHGen","spotify:track:4eAwB5pnKFTmsgc3zWoYO0","spotify:track:7n9FRd2UBG7gUrsk1Xo9sT","spotify:track:42Q9KJEUlcQngldSnDa6vL"],"tracks_medium_term":["spotify:track:5a8lCmvaBHjwSqpxH75pLz","spotify:track:2tyk5hqlPhdNBUikoWJt3o","spotify:track:7pi7XTGGaVBzrhlaYH97CV","spotify:track:0X1zjCDxFN3EMrynV8eWOZ","spotify:track:5VlcX1KejMHE5fpYmsKtqW","spotify:track:0aYsQCB49PWEcgYb8pXQwM","spotify:track:6lRDlfOZzrYy5VXdinM0io","spotify:track:3n1b53IxHus0D8GZGy2D3B","spotify:track:4VXhicGRlRz7Z4OQUOzkpT","spotify:track:6hUXXQObcUhy4fjobEvXgX"],"tracks_long_term":["spotify:track:2SFn6LS2ioZQzu9KQ4bIwx","spotify:track:5Ila5K5xzsc5qW3odBAa5f","spotify:track:6dJBRdC1gPi2lArcOHrhwx","spotify:track:5RnXQZ65F3uEHca395z6cz","spotify:track:2YZZ8qsDdvC008LgtpMoI6","spotify:track:3cWMNY5QEgeFl7WOfn4gf3","spotify:track:0taZzgdS0J3RATwGAyXJgi","spotify:track:5yTxbOFdPKLCllrpk2YqE7","spotify:track:4Bxl1qty34HSOKZrRjyj0s","spotify:track:2uBhGx3m5iJrtsql8Qk00j"],"artists_long_term":["spotify:artist:6d24kC5fxHFOSEAmjQPPhc","spotify:artist:2RiGIRDi4GoJpDbjDnPVJl","spotify:artist:00YTqRClk82aMchQQpYMd5","spotify:artist:1AZ30JnvQU1pbX6sbRE0Yn","spotify:artist:0hEurMDQu99nJRq8pTxO14","spotify:artist:3l02WF362j1oHOurzuseBv","spotify:artist:5mscNJ6lE9Kj7tWv4iCk7y","spotify:artist:3YQKmKGau1PzlVlkL1iodx","spotify:artist:54Xuca1P5nDqfKYZGDfHxl","spotify:artist:2KaW48xlLnXC2v8tvyhWsa"]},"chosen_tracks":["spotify:track:2mUGAyLahjCX5TQ9VB8vX2","spotify:track:2SFn6LS2ioZQzu9KQ4bIwx","spotify:track:7HhIogTPLQ9urjbmLFKULo","spotify:track:0ykciHUisBTANIUFKDrDkY","spotify:track:0DxQPXCcu4yCPi9Sw5z8ib","spotify:track:1QGO5YVXPLotU14W5mWh1F","spotify:track:5lA3pwMkBdd24StM90QrNR","spotify:track:5vZ4IeUenK2cHub2d7yfWk","spotify:track:7MuPOXU2vjEe3Kh9LfbM5v","spotify:track:42lC6bnDdAjRqZtsFe1tmg"],"feedback":"Represents my musical tastes :D"}