{"user_id":"05c3c423d00cbdb9e389b1e378087c71","top_tracks":{"artists_short_term":["spotify:artist:7vk5e3vY1uw9plTHJAMwjN","spotify:artist:6qqNVTkY8uBg9cP3Jd7DAH","spotify:artist:03r4iKL2g2442PT9n2UKsx","spotify:artist:6urkHDoIVO1WO8vNIwcJmM","spotify:artist:2d6W4cnC5XsVOaxtgaj9hA","spotify:artist:4XPIcwAIeDGi8lNDSbnGaT","spotify:artist:6caPJFLv1wesmM7gwK1ACy","spotify:artist:6zUiRChNyL3HEezOd1Wjam","spotify:artist:7hJcb9fa4alzcOq3EaNPoG","spotify:artist:3b6TinIPahsS8iSCYAeinr"],"tracks_short_term":["spotify:track:5dv1k1EENIPfsmGoHOrMPc","spotify:track:4TnjEaWOeW0eKTKIEvJyCa","spotify:track:0bMbDctzMmTyK2j74j3nF3","spotify:track:2igwFfvr1OAGX9SKDCPBwO","spotify:track:0lks2Kt9veMOFEAPN0fsqN","spotify:track:0Puj4YlTm6xNzDDADXHMI9","spotify:track:4F8OK7mNa51mKqgHqWQiYm","spotify:track:2XU0oxnq2qxCpomAAuJY8K","spotify:track:29kXqwrVxOSHoXCyTsKR0o","spotify:track:2z4b4AQOpfUX1ywADCPbgK"],"artists_medium_term":["spotify:artist:6qqNVTkY8uBg9cP3Jd7DAH","spotify:artist:7vk5e3vY1uw9plTHJAMwjN","spotify:artist:7iBY1RLWDV5zX9NDNQxurm","spotify:artist:6eUKZXaKkcviH0Ku9w2n3V","spotify:artist:6urkHDoIVO1WO8vNIwcJmM","spotify:artist:3OsRAKCvk37zwYcnzRf5XF","spotify:artist:1yxSLGMDHlW21z4YXirZDS","spotify:artist:6m1LYS5NQonxjOcQFPQOb5","spotify:artist:6zUiRChNyL3HEezOd1Wjam","spotify:artist:03r4iKL2g2442PT9n2UKsx"],"tracks_medium_term":["spotify:track:2Fxmhks0bxGSBdJ92vM42m","spotify:track:2XU0oxnq2qxCpomAAuJY8K","spotify:track:4ZxRhotBmIcc1WUCdSJIQt","spotify:track:0bMbDctzMmTyK2j74j3nF3","spotify:track:3Fj47GNK2kUF0uaEDgXLaD","spotify:track:3XF5xLJHOQQRbWya6hBp7d","spotify:track:4kY8XxFWEOIty9nKDl8FxY","spotify:track:07h72rl2zQ7S6dbKgSfG0W","spotify:track:2RttW7RAu5nOAfq6YFvApB","spotify:track:3J6KEr0wjZbKPpa70cXzHI"],"artists_long_term":["spotify:artist:6caPJFLv1wesmM7gwK1ACy","spotify:artist:6qqNVTkY8uBg9cP3Jd7DAH","spotify:artist:6eUKZXaKkcviH0Ku9w2n3V","spotify:artist:1yxSLGMDHlW21z4YXirZDS","spotify:artist:3rfgbfpPSfXY40lzRK7Syt","spotify:artist:5GIcOzVFTNnzArytjmTkW8","spotify:artist:7iBY1RLWDV5zX9NDNQxurm","spotify:artist:4sD9znwiVFx9cgRPZ42aQ1","spotify:artist:2CKaDZ1Yo8YnWega9IeUzB","spotify:artist:6zUiRChNyL3HEezOd1Wjam"],"tracks_long_term":["spotify:track:1Hh8NGpjEtsvSsItUMG2JB","spotify:track:7qiZfU4dY1lWllzX7mPBI3","spotify:track:5N5k9nd479b1xpDZ4usjrg","spotify:track:5p2QPQGojxx1vvr9RO90Zc","spotify:track:1c7Kh2uMMxG7k4QqNjjg95","spotify:track:7vA2Y79Q4bBqdzBCfHeGEe","spotify:track:2dQRE94tqhBoxpe9tGcRrq","spotify:track:1i1fxkWeaMmKEB4T7zqbzK","spotify:track:2z4b4AQOpfUX1ywADCPbgK","spotify:track:4kuexchmxuc5NXmokfo1WH"]},"chosen_tracks":["spotify:track:541jLF5Yu9QIVmcY48CJhX","spotify:track:4B6XjmOWI55np7y4MUTXDu","spotify:track:7wQuQmYA3ZXsUMPHA0xGIT","spotify:track:5W3bVIVRmBFbhPUiZrZxQw","spotify:track:4F8OK7mNa51mKqgHqWQiYm","spotify:track:2Fxmhks0bxGSBdJ92vM42m","spotify:track:7bvuOKIFqMyRSkLozmaoRg","spotify:track:1XbSnQ31pUfeKz2rePMc50","spotify:track:0y1QJc3SJVPKJ1OvFmFqe6","spotify:track:2SpEHTbUuebeLkgs9QB7Ue"],"feedback":""}