{"user_id":"08ab86249d7ba6449e893c9d64078106","top_tracks":{"artists_short_term":["spotify:artist:4rMxZovfLSDjEL9eI2pKo7","spotify:artist:6H1RjVyNruCmrBEWRbD0VZ","spotify:artist:36a1FhGZwPM18t4IkpOkpG","spotify:artist:6deZN1bslXzeGvOLaLMOIF","spotify:artist:49bzE5vRBRIota4qeHtQM8","spotify:artist:1kNQXvepPjaPgUfeDAF2h6","spotify:artist:0p4nmQO2msCgU4IF37Wi3j","spotify:artist:1KCSPY1glIKqW2TotWuXOR","spotify:artist:3e7awlrlDSwF3iM0WBjGMp","spotify:artist:6MwPCCR936cYfM1dLsGVnl"],"tracks_short_term":["spotify:track:1tVIRJzaTSU0IOtgEZ3SVZ","spotify:track:3yKTtYoBD01PQQBUYr9IQi","spotify:track:1jrEw9p2QfpNLNnue1Ustp","spotify:track:4GssB27iJeqmfGxS94Tfij","spotify:track:5iaQ1IFlpKoy0jvyu8ZYBS","spotify:track:0YZEYxd1oiqZRFhnnmTKKi","spotify:track:3KKGpHPPYO4kJZCxoLNIvN","spotify:track:5DoGCnGoFglf9FBCfq5mVb","spotify:track:5X1VGqaNrpXC8HBPEA4uDT","spotify:track:4i36AKxBVLuGOlGoceH920"],"artists_medium_term":["spotify:artist:6H1RjVyNruCmrBEWRbD0VZ","spotify:artist:1kNQXvepPjaPgUfeDAF2h6","spotify:artist:5gFZo6Oh5WehnbEj0XtxiF","spotify:artist:4rMxZovfLSDjEL9eI2pKo7","spotify:artist:1KCSPY1glIKqW2TotWuXOR","spotify:artist:5ojhEavq6altxW8fWIlLum","spotify:artist:3e7awlrlDSwF3iM0WBjGMp","spotify:artist:6FBDaR13swtiWwGhX1WQsP","spotify:artist:3Uobr6LgQpBbk6k4QGAb3V","spotify:artist:6deZN1bslXzeGvOLaLMOIF"],"tracks_medium_term":["spotify:track:5m4FRZfAgAf5YCN8T7C3rN","spotify:track:5iaQ1IFlpKoy0jvyu8ZYBS","spotify:track:4GssB27iJeqmfGxS94Tfij","spotify:track:4FvAYmTLr741HStMTasDGD","spotify:track:54StBHj7072M5AeZGA1ZpX","spotify:track:5DoGCnGoFglf9FBCfq5mVb","spotify:track:4i36AKxBVLuGOlGoceH920","spotify:track:0J8KmsNtnDY0FdfCD1i2zx","spotify:track:4cfEA7zQhaQpkhUFonoOPw","spotify:track:4LloVtxNZpeh7q7xdi1DQc"],"artists_long_term":["spotify:artist:5ojhEavq6altxW8fWIlLum","spotify:artist:5gFZo6Oh5WehnbEj0XtxiF","spotify:artist:1KCSPY1glIKqW2TotWuXOR","spotify:artist:5Z1CCuBsyhEHngq3U5IraY","spotify:artist:4RddZ3iHvSpGV4dvATac9X","spotify:artist:3Uobr6LgQpBbk6k4QGAb3V","spotify:artist:0p4nmQO2msCgU4IF37Wi3j","spotify:artist:6om12Ev5ppgoMy3OYSoech","spotify:artist:3BmGtnKgCSGYIUhmivXKWX","spotify:artist:5nGIFgo0shDenQYSE0Sn7c"],"tracks_long_term":["spotify:track:0CRXtwDkyX0VpkDcaTtG99","spotify:track:2czTwBUyZHzWXS06IzED4N","spotify:track:5AnSllIrgGsCZzZJkVnApx","spotify:track:5m4FRZfAgAf5YCN8T7C3rN","spotify:track:0AdjJ2SaOeb5bPJ67nDbsW","spotify:track:5fbUxSvYsbqyfOXg9FGnNC","spotify:track:0YZEYxd1oiqZRFhnnmTKKi","spotify:track:5DoGCnGoFglf9FBCfq5mVb","spotify:track:03TkiD6vBTFfPwjA7qJCD7","spotify:track:2ZqV1xehFhYryqzus2ksnj"]},"chosen_tracks":["spotify:track:0ADZ5dmXhlfzjMw6lefoPl","spotify:track:5QpaGzWp0hwB5faV8dkbAz","spotify:track:7AtwQRLPdttsxcLM5tPL0t","spotify:track:5hVepr5CHiTGtJY5bP4i5n","spotify:track:17i5jLpzndlQhbS4SrTd0B","spotify:track:1aZLIbKEdsyqxyD6iNcrbA","spotify:track:5m4FRZfAgAf5YCN8T7C3rN","spotify:track:5u5aVJKjSMJr4zesMPz7bL","spotify:track:5icbZiF6lcuEORG0UzMsS2","spotify:track:1uiwlmWedlNpzAxDSRGqdK"],"feedback":""}