{"user_id":"12912807ffc1da5b285724c45f18de1a","top_tracks":{"artists_medium_term":["spotify:artist:7dGJo4pcD2V6oG8kP0tJRR","spotify:artist:2SrSdSvpminqmStGELCSNd","spotify:artist:7EWU4FhUJM1sZQgQKdENeT","spotify:artist:4xRYI6VqpkE3UwrDrAZL8L","spotify:artist:6qqNVTkY8uBg9cP3Jd7DAH","spotify:artist:7xTKLpo7UCzXSnlH7fOIoM","spotify:artist:6C1ohJrd5VydigQtaGy5Wa","spotify:artist:4cUfFbVZGSsJWdbfmkdxYq","spotify:artist:6fOMl44jA4Sp5b9PpYCkzz","spotify:artist:20qISvAhX20dpIbOOzGK3q"],"tracks_short_term":["spotify:track:7FIWs0pqAYbP91WWM0vlTQ","spotify:track:7ccTcabbJlCJiIqtrSSwBk","spotify:track:5SiZJoLXp3WOl3J4C8IK0d","spotify:track:5mZXWEH2eh8zMZGCxT5aW0","spotify:track:0GQ5bFTVFFKpwNPc7KwQnB","spotify:track:0VSzREd1OjEWJ9tXoFHRQH","spotify:track:4EmunTy7kNBYQivOa8F6b8","spotify:track:0q2vG0UVuy6ajjcpkQHdZM","spotify:track:5CpsIb7SMFHjmAG8RvIWfq","spotify:track:7Dj2wqPYXfSRFwa6qyOztr"],"artists_short_term":["spotify:artist:7dGJo4pcD2V6oG8kP0tJRR","spotify:artist:4xRYI6VqpkE3UwrDrAZL8L","spotify:artist:6qqNVTkY8uBg9cP3Jd7DAH","spotify:artist:7xTKLpo7UCzXSnlH7fOIoM","spotify:artist:7EWU4FhUJM1sZQgQKdENeT","spotify:artist:20qISvAhX20dpIbOOzGK3q","spotify:artist:4VmEWwd8y9MCLwexFMdpwt","spotify:artist:3cR4rhS2hBWqI7rJEBacvN","spotify:artist:5K4W6rqBFWDnAN6FQUkS6x","spotify:artist:4aXXDj9aZnlshx7mzj3W1N"],"tracks_medium_term":["spotify:track:7FIWs0pqAYbP91WWM0vlTQ","spotify:track:7ccTcabbJlCJiIqtrSSwBk","spotify:track:5Es5pG548uc04wSlpBKlUN","spotify:track:0GQ5bFTVFFKpwNPc7KwQnB","spotify:track:0q2vG0UVuy6ajjcpkQHdZM","spotify:track:0VSzREd1OjEWJ9tXoFHRQH","spotify:track:5mZXWEH2eh8zMZGCxT5aW0","spotify:track:5CpsIb7SMFHjmAG8RvIWfq","spotify:track:5SiZJoLXp3WOl3J4C8IK0d","spotify:track:4tiks3DGOQSz27QioyqY6b"],"tracks_long_term":["spotify:track:5H7NVwV1YklkMkLDA7ADl2","spotify:track:7dDLHlyZJBqEWSndlPWyCT","spotify:track:3BE0getU08uXas8ZjULABA","spotify:track:4YMqbFcDIFiCBd02PzUBcM","spotify:track:4dyzM0Iua8iuj80LGWhjjW","spotify:track:1kl0Vn0FO4bbdrTbHw4IaQ","spotify:track:0YK9R8B6egIwlbg7L7yvAX","spotify:track:6OZPl7bOm8EOshsVmWH5W8","spotify:track:33e9HtOfO1ye1h8xQ7Foc9","spotify:track:7dwpf0RyAUlMuGvoEcN0Ly"],"artists_long_term":["spotify:artist:7dGJo4pcD2V6oG8kP0tJRR","spotify:artist:4xRYI6VqpkE3UwrDrAZL8L","spotify:artist:7EWU4FhUJM1sZQgQKdENeT","spotify:artist:6eUKZXaKkcviH0Ku9w2n3V","spotify:artist:5BcAKTbp20cv7tC5VqPFoC","spotify:artist:5K4W6rqBFWDnAN6FQUkS6x","spotify:artist:4UXqAaa6dQYAk18Lv7PEgX","spotify:artist:2SrSdSvpminqmStGELCSNd","spotify:artist:73sIBHcqh3Z3NyqHKZ7FOL","spotify:artist:7dWYWUbO68rXJOcyA7SpJk"]},"chosen_tracks":["spotify:track:7FIWs0pqAYbP91WWM0vlTQ","spotify:track:4xkOaSrkexMciUUogZKVTS","spotify:track:60SdxE8apGAxMiRrpbmLY0","spotify:track:43mwjiAXLMqkOv4vtlNweU","spotify:track:0BSjMgK9Z1d30F5mUc3nET","spotify:track:7M2tXmeS15NAzEn7ABFeBg","spotify:track:4TTV7EcfroSLWzXRY6gLv6","spotify:track:119c93MHjrDLJTApCVGpvx","spotify:track:5zPZuJqBw3qLBNlyQkCKZO","spotify:track:5Es5pG548uc04wSlpBKlUN"],"feedback":""}