{"user_id":"14b0dc12ad7012f8239ba8987649df4f","top_tracks":{"artists_short_term":["spotify:artist:0CEFCo8288kQU7mJi25s6E","spotify:artist:5pKCCKE2ajJHZ9KAiaK11H","spotify:artist:278ZYwGhdK6QTzE3MFePnP","spotify:artist:4aP1lp10BRYZO658B2NwkG","spotify:artist:0hCNtLu0JehylgoiP8L4Gh","spotify:artist:0L5fC7Ogm2YwgqVCRcF1bT","spotify:artist:6eUKZXaKkcviH0Ku9w2n3V","spotify:artist:47mIJdHORyRerp4os813jD","spotify:artist:1Yox196W7bzVNZI7RBaPnf","spotify:artist:3RNrq3jvMZxD9ZyoOZbQOD"],"tracks_short_term":["spotify:track:15lvWutN2vFvrMGUU85bWB","spotify:track:1mMV5E9KEpHLda2mRToJk9","spotify:track:1pjbAOWrtWtQUGCTdCUtlV","spotify:track:5sbooPcNgIE22DwO0VNGUJ","spotify:track:6olS0TmHmsGr0hXtcBsiVM","spotify:track:44naI9o0MVDYwvRJMKucW6","spotify:track:5HOpkTTVcmZHnthgyxrIL8","spotify:track:2Mpj1Ul5OFPyyP4wB62Rvi","spotify:track:6DvgsZ0NiEPV9qYM931T1F","spotify:track:5L10F9RikmCvAVOsNmFslE"],"artists_medium_term":["spotify:artist:0CEFCo8288kQU7mJi25s6E","spotify:artist:6KdA5Ew8aqtBIWhdsrTBTo","spotify:artist:6wWVKhxIU2cEi0K81v7HvP","spotify:artist:6AG8yTJXMpmjVQguWaCyCO","spotify:artist:6eUKZXaKkcviH0Ku9w2n3V","spotify:artist:47mIJdHORyRerp4os813jD","spotify:artist:0nmQIMXWTXfhgOBdNzhGOs","spotify:artist:5pKCCKE2ajJHZ9KAiaK11H","spotify:artist:1EXO0eEX2mtpxTgWNA5eM2","spotify:artist:53XhwfbYqKCa1cC15pYq2q"],"tracks_medium_term":["spotify:track:5sbooPcNgIE22DwO0VNGUJ","spotify:track:1AI7UPw3fgwAFkvAlZWhE0","spotify:track:4QhSscYz3TPLEwD6lMezvG","spotify:track:0aBsXZLJDvn0QWfcIqBXq8","spotify:track:15lvWutN2vFvrMGUU85bWB","spotify:track:3f4fc8c8unrQeKecmUPEDR","spotify:track:66YtIqT0kN4958EXnCnAmE","spotify:track:1DhRbox3xkceP64k3JeYfW","spotify:track:6Hc05d1ODGsQ4I5KqSwNQJ","spotify:track:3NMel0L1RZfekf2wLABmj2"],"artists_long_term":["spotify:artist:0nmQIMXWTXfhgOBdNzhGOs","spotify:artist:5pKCCKE2ajJHZ9KAiaK11H","spotify:artist:3eqjTLE0HfPfh78zjh6TqT","spotify:artist:0L5fC7Ogm2YwgqVCRcF1bT","spotify:artist:3TOqt5oJwL9BE2NG9MEwDa","spotify:artist:7sBtBCNVRujQhaHDODkfTN","spotify:artist:2KaW48xlLnXC2v8tvyhWsa","spotify:artist:5t28BP42x2axFnqOOMg3CM","spotify:artist:05fG473iIaoy82BF1aGhL8","spotify:artist:1KCSPY1glIKqW2TotWuXOR"],"tracks_long_term":["spotify:track:6UvZ1XimCap0SJyErd8zmW","spotify:track:7t2bFihaDvhIrd2gn2CWJO","spotify:track:4B4zDmbHdkXZ1wUJv1yKFy","spotify:track:5anCkDvJ17aznvK5TED5uo","spotify:track:5jnxxpX2834SB6LJ0S73Uz","spotify:track:59WN2psjkt1tyaxjspN8fp","spotify:track:6uddSq7cjGlJ7aKuNdpuFd","spotify:track:5knuzwU65gJK7IF5yJsuaW","spotify:track:2tAzcTFry1OhmNERFjUR93","spotify:track:5BSclXJTa9B0iURhUjZo50"]},"chosen_tracks":["spotify:track:32pOmdexX8M7me2PdINJYb","spotify:track:5a3rLTbh7L7lBj5cflW3sf","spotify:track:3NMel0L1RZfekf2wLABmj2","spotify:track:7MB22jLCA12Ev7Jjp3e1aU","spotify:track:7n9PZGuun1TU7YqecBsK4x","spotify:track:6olS0TmHmsGr0hXtcBsiVM","spotify:track:5sbooPcNgIE22DwO0VNGUJ","spotify:track:4EaBMhUIOfnFEbIgqCfKbi","spotify:track:3JQpHo7uX0O2IjC6BRpS2o","spotify:track:5L10F9RikmCvAVOsNmFslE"],"feedback":""}