{"user_id":"173f66f27e7ef5bc9fd5fe517a75c9e6","top_tracks":{"artists_short_term":["spotify:artist:0ZLfGbfO9xjpfna1pN8BeX","spotify:artist:30mNTnmvPn3HwXA5dW1Iza","spotify:artist:3BmGtnKgCSGYIUhmivXKWX","spotify:artist:4dpARuHxo51G3z768sgnrY","spotify:artist:6eUKZXaKkcviH0Ku9w2n3V","spotify:artist:6jJ0s89eD6GaHleKKya26X","spotify:artist:7KMqksf0UMdyA0UCf4R3ux","spotify:artist:1KCSPY1glIKqW2TotWuXOR","spotify:artist:2HcwFjNelS49kFbfvMxQYw","spotify:artist:3FTKP1k9VbOng3m1rgnsqx"],"tracks_short_term":["spotify:track:00Bv39YTHzifxp6jlvwXMB","spotify:track:02zFVcz9En75J09wWI026J","spotify:track:0XfuvxptNRVoEWp7SaneV8","spotify:track:0yac0FPhLRH9i9lOng3f81","spotify:track:1BV0m40U0M4t1SLIsDnwZl","spotify:track:1zVBU0PAj7ZUVmVfG2pgQG","spotify:track:20I6sIOMTCkB6w7ryavxtO","spotify:track:2tpWsVSb9UEmDRxAl1zhX1","spotify:track:39ZAON2MIRhHrS8chedbOU","spotify:track:3S0OXQeoh0w6AY8WQVckRW"],"artists_medium_term":["spotify:artist:0ZLfGbfO9xjpfna1pN8BeX","spotify:artist:2RTUTCvo6onsAnheUk3aL9","spotify:artist:5nGIFgo0shDenQYSE0Sn7c","spotify:artist:07QEuhtrNmmZ0zEcqE9SF6","spotify:artist:0p4nmQO2msCgU4IF37Wi3j","spotify:artist:1yQ8S4xdGOGbUcpaPR6hCM","spotify:artist:30mNTnmvPn3HwXA5dW1Iza","spotify:artist:6jJ0s89eD6GaHleKKya26X","spotify:artist:3BmGtnKgCSGYIUhmivXKWX","spotify:artist:5pKCCKE2ajJHZ9KAiaK11H"],"tracks_medium_term":["spotify:track:6sqNctd7MlJoKDOxPVCAvU","spotify:track:3NLrRZoMF0Lx6zTlYqeIo4","spotify:track:3WbphvawbMZ8FyqDxYGdSQ","spotify:track:3cfOd4CMv2snFaKAnMdnvK","spotify:track:1BV0m40U0M4t1SLIsDnwZl","spotify:track:20I6sIOMTCkB6w7ryavxtO","spotify:track:09CtPGIpYB4BrO8qb1RGsF","spotify:track:2tpWsVSb9UEmDRxAl1zhX1","spotify:track:6HHfwQ5xBAtTN6T9FwGfxA","spotify:track:04QKeqtQ1KCDHTXK6mNwqX"],"tracks_long_term":["spotify:track:7qiZfU4dY1lWllzX7mPBI3","spotify:track:1VdZ0vKfR5jneCmWIUAMxK","spotify:track:6swiYI23US0cdQTnTpjQ8c","spotify:track:5A5RoEPhOr4TzKA2dRxNl0","spotify:track:7JsVDwOfhQTvrMRJOJzNuv","spotify:track:7j1L1FdPJ5NHMkkHnTaHJ2","spotify:track:5Vv1VSxD7f4eDsXdII3ruD","spotify:track:1JZwRyJv4Stqu4Ag6P7Qgm","spotify:track:3GZFKiGVYv3SBQ6PLf3JgF","spotify:track:0afhq8XCExXpqazXczTSve"],"artists_long_term":["spotify:artist:0ZLfGbfO9xjpfna1pN8BeX","spotify:artist:07QEuhtrNmmZ0zEcqE9SF6","spotify:artist:0p4nmQO2msCgU4IF37Wi3j","spotify:artist:6eUKZXaKkcviH0Ku9w2n3V","spotify:artist:5YeoQ1L71cXDMpSpqxOjfH","spotify:artist:2RTUTCvo6onsAnheUk3aL9","spotify:artist:30mNTnmvPn3HwXA5dW1Iza","spotify:artist:5nGIFgo0shDenQYSE0Sn7c","spotify:artist:6jJ0s89eD6GaHleKKya26X","spotify:artist:4EzkuveR9pLvDVFNx6foYD"]},"chosen_tracks":["spotify:track:7rO7Pc5dkC2EIW1OKsCJtQ","spotify:track:3U4isOIWM3VvDubwSI3y7a","spotify:track:3g61xRaqII8q1wlQDzv550","spotify:track:4cluDES4hQEUhmXj6TXkSo","spotify:track:3NLrRZoMF0Lx6zTlYqeIo4","spotify:track:7aySoZnwt7c6lA54qVVUOk","spotify:track:1jlG3KJ3gdYmhfuySFfpO1","spotify:track:04QKeqtQ1KCDHTXK6mNwqX","spotify:track:0COqiPhxzoWICwFCS4eZcp","spotify:track:29JimYsztQ1svKkDkxHZDy"],"feedback":""}