{"user_id":"19b5285d34d30fd848dc019f8cc4ba0d","top_tracks":{"artists_short_term":["spotify:artist:6nxWCVXbOlEVRexSbLsTer","spotify:artist:0eDvMgVFoNV3TpwtrVCoTj","spotify:artist:1Xyo4u8uXC1ZmMpatF05PJ","spotify:artist:0tvpihdAsKiNnP6sWS3jUI","spotify:artist:5IcR3N7QB1j6KBL8eImZ8m","spotify:artist:3jK9MiCrA42lLAdMGUZpwa","spotify:artist:4LLpKhyESsyAXpc4laK94U","spotify:artist:3QTDHixorJelOLxoxcjqGx","spotify:artist:5K4W6rqBFWDnAN6FQUkS6x","spotify:artist:2YZyLoL8N0Wb9xBt1NhZWg"],"tracks_short_term":["spotify:track:29yYFMNEAefRigbDLGyt07","spotify:track:4nlvKIIetOWGIMyhjQXgOZ","spotify:track:4ejyZ4uJEXUURcgKp1kP8v","spotify:track:40mjsnRjCpycdUw3xhS20g","spotify:track:4Y3pFcQT3tNHovVgRPnFob","spotify:track:1ZqeykOaDmjkldzs7XGR4b","spotify:track:3vcgNyLVlBu0aLBvJYZYGT","spotify:track:7vBqDxT6CcJhnOCRfM9Wvi","spotify:track:6oSxm8jKgVbrlKo4Ktd1qr","spotify:track:7MFahU9vl5TWlei936k7n6"],"artists_medium_term":["spotify:artist:1Xyo4u8uXC1ZmMpatF05PJ","spotify:artist:0tvpihdAsKiNnP6sWS3jUI","spotify:artist:6nxWCVXbOlEVRexSbLsTer","spotify:artist:4LLpKhyESsyAXpc4laK94U","spotify:artist:6qgnBH6iDM91ipVXv28OMu","spotify:artist:5K4W6rqBFWDnAN6FQUkS6x","spotify:artist:6fxyWrfmjcbj5d12gXeiNV","spotify:artist:3QTDHixorJelOLxoxcjqGx","spotify:artist:0eDvMgVFoNV3TpwtrVCoTj","spotify:artist:3jK9MiCrA42lLAdMGUZpwa"],"tracks_medium_term":["spotify:track:29yYFMNEAefRigbDLGyt07","spotify:track:44Yrt6xIUdcooTbDh57hrF","spotify:track:7vAkKCODYbpF2b6brNLzqo","spotify:track:4sFzG7iUlyPmuyASCkre9A","spotify:track:7vBqDxT6CcJhnOCRfM9Wvi","spotify:track:4Y3pFcQT3tNHovVgRPnFob","spotify:track:57vxBYXtHMk6H1aD29V7PU","spotify:track:40mjsnRjCpycdUw3xhS20g","spotify:track:4nlvKIIetOWGIMyhjQXgOZ","spotify:track:4ejyZ4uJEXUURcgKp1kP8v"],"tracks_long_term":["spotify:track:0tISnxqgVmxqhVghsTi2Rr","spotify:track:42zd6DYQ4o4SECmTITrM1U","spotify:track:1h0VyjjtKqqvMNjW82JyyE","spotify:track:2RUFzxyUlI36KKy9Agkqze","spotify:track:0osPX8TruIebOhKuG6GK8C","spotify:track:1vffte5WTHIik37ePfJdo4","spotify:track:46CA1H0T1r7u5lDUtVveAh","spotify:track:4S7YHmlWwfwArgd8LfSPud","spotify:track:7wwifjNAb172PtDpKK3CoR","spotify:track:6EjUUdgsEa1g9s0CG6lnq9"],"artists_long_term":["spotify:artist:5K4W6rqBFWDnAN6FQUkS6x","spotify:artist:2YZyLoL8N0Wb9xBt1NhZWg","spotify:artist:20sxb77xiYeusSH8cVdatc","spotify:artist:1Xyo4u8uXC1ZmMpatF05PJ","spotify:artist:4LLpKhyESsyAXpc4laK94U","spotify:artist:5IcR3N7QB1j6KBL8eImZ8m","spotify:artist:3TVXtAsR1Inumwj472S9r4","spotify:artist:137W8MRPWKqSmrBGDBFSop","spotify:artist:1RyvyyTE3xzB2ZywiAwp0i","spotify:artist:0NbfKEOTQCcwd6o7wSDOHI"]},"chosen_tracks":["spotify:track:2oHM9KAdFdFvDCaE4V6RST","spotify:track:0RcrxkcFT5FJpDgaXmzIEF","spotify:track:2hwOoMtWPtTSSn6WHV7Vp5","spotify:track:5vmakI7B19A2L7WBVutTXO","spotify:track:1mhVXWduD8ReDwusfaHNwU","spotify:track:66Q3fAmSX5eHamgbKa9alP","spotify:track:7vAkKCODYbpF2b6brNLzqo","spotify:track:3ZO6UxR61HavlXuyohc14T","spotify:track:4ntsD33Pgsgk8rUyZLLiUV","spotify:track:2t8yVaLvJ0RenpXUIAC52d"],"feedback":"Good shit"}