{"user_id":"2214d9ece97ff5e1297a9a16fce9bdb1","top_tracks":{"artists_short_term":["spotify:artist:0qT79UgT5tY4yudH9VfsdT","spotify:artist:6eUKZXaKkcviH0Ku9w2n3V","spotify:artist:0nmQIMXWTXfhgOBdNzhGOs","spotify:artist:7dGJo4pcD2V6oG8kP0tJRR","spotify:artist:20JZFwl6HVl6yg8a4H3ZqK","spotify:artist:31jvzuB4ikftPQZJwrYfCF","spotify:artist:1PX8bguYn6ba8NaBOJuu8A","spotify:artist:0pf1lcBxh6HiiHQAIzhTI5","spotify:artist:2vd2HnNh4pdYa9gDVHFjEu","spotify:artist:3fMbdgg4jU18AjLCKBhRSm"],"tracks_short_term":["spotify:track:2HDE7gJUAf4FTH1ubzM042","spotify:track:2xdkdWe99CkSXWbP13BVqL","spotify:track:1zzxoZVylsna2BQB65Ppcb","spotify:track:08dxbRgvtfam7GExBtzcRM","spotify:track:2TVxnKdb3tqe1nhQWwwZCO","spotify:track:4xkOaSrkexMciUUogZKVTS","spotify:track:0bHxmpou5iI8Dg7HaapDix","spotify:track:0PAj9Y5kFEzhGeWkockoxv","spotify:track:0dcMqjeDpwqB2xhzMsld0p","spotify:track:20uBdCmVtlUuYsvxysoito"],"tracks_medium_term":["spotify:track:08dxbRgvtfam7GExBtzcRM","spotify:track:07GvNcU1WdyZJq3XxP0kZa","spotify:track:1jJci4qxiYcOHhQR247rEU","spotify:track:4xkOaSrkexMciUUogZKVTS","spotify:track:57zF9nlPH4rud6f6zuKSQi","spotify:track:2HDE7gJUAf4FTH1ubzM042","spotify:track:6HnL0hHQPWBmx2BlwsXFWG","spotify:track:58L9BLQuOAwAzHhCvTpp3l","spotify:track:7aiClxsDWFRQ0Kzk5KI5ku","spotify:track:0njIwlLxfNlKIaEuoSeFWi"],"artists_medium_term":["spotify:artist:31jvzuB4ikftPQZJwrYfCF","spotify:artist:0nmQIMXWTXfhgOBdNzhGOs","spotify:artist:0pf1lcBxh6HiiHQAIzhTI5","spotify:artist:1PX8bguYn6ba8NaBOJuu8A","spotify:artist:2vd2HnNh4pdYa9gDVHFjEu","spotify:artist:6eUKZXaKkcviH0Ku9w2n3V","spotify:artist:3AA28KZvwAUcZuOKwyblJQ","spotify:artist:7mnuMLgvXdCWzyB4sQCG7k","spotify:artist:3d13oWvwmjcodRr3NzdArc","spotify:artist:2cFrymmkijnjDg9SS92EPM"],"artists_long_term":["spotify:artist:7dGJo4pcD2V6oG8kP0tJRR","spotify:artist:31jvzuB4ikftPQZJwrYfCF","spotify:artist:6eUKZXaKkcviH0Ku9w2n3V","spotify:artist:0pf1lcBxh6HiiHQAIzhTI5","spotify:artist:20JZFwl6HVl6yg8a4H3ZqK","spotify:artist:3AA28KZvwAUcZuOKwyblJQ","spotify:artist:1Ffb6ejR6Fe5IamqA5oRUF","spotify:artist:4IZLJdhHCqAvT4pjn8TLH5","spotify:artist:37394IP6uhnjIpsawpMu4l","spotify:artist:6e9wIFWhBPHLE9bXK8gtBI"],"tracks_long_term":["spotify:track:2MQ51y5NhCyva4SgWmK2Me","spotify:track:6sh5VQw8MZo5Z9WN0jlrCr","spotify:track:6yr8GiTHWvFfi4o6Q5ebdT","spotify:track:5AXMoXQ5oJF0SxXuMd55Yz","spotify:track:0EWL8tQEY36NjLWMbztlTt","spotify:track:3EaoDKvnAtSS6WDWjM6YqP","spotify:track:10aKwf36rBwpKItWp1BWSe","spotify:track:7MXVkk9YMctZqd1Srtv4MB","spotify:track:3Wyc7M8twhxeyaC51BcQYb","spotify:track:1jJci4qxiYcOHhQR247rEU"]},"chosen_tracks":["spotify:track:2zy79BntQ1kumEUeqM5O84","spotify:track:0M3adYbGtyRHACP86dey1H","spotify:track:2tPNoYGaDmDWYCk1hO4ko9","spotify:track:5bguIMbwuo5HAzyXuO2aSq","spotify:track:04tGB3iBg3EFjmHt7XmOoO","spotify:track:0Gah6uyku6xMDQR1VI3jKV"],"feedback":""}