{"user_id":"22e0ce810c81c118d4db01d2149e3178","top_tracks":{"artists_long_term":["spotify:artist:5NIQNYb3j3WtX4ZKnLNajy","spotify:artist:4tZwfgrHOc3mvqYlEYSvVi","spotify:artist:5OjwToGCaI7xwzN5l27VIN","spotify:artist:5R7K1GezC0jy24v1R2n4x3","spotify:artist:7evlWm7RyagYqxSQN5E6UN","spotify:artist:26KBoGLMFhcMKTuiOb7n69","spotify:artist:0KI6HIuDsZdmZ65lpnZHpt","spotify:artist:1KCSPY1glIKqW2TotWuXOR","spotify:artist:2ieZVeLSXjusHvAKJCQ1NC","spotify:artist:6XyY86QOPPrYVGvF9ch6wz"],"tracks_long_term":["spotify:track:3be7AO5F1PCidN64FjzXxQ","spotify:track:7iFVqEs3qAIH4ZBvvaqiOf","spotify:track:2bCCJgTeIkO4BYqGoH2sPB","spotify:track:7wJYfobT70i53zFFqADCei","spotify:track:2VIbTCQZdOfjCO6L1zJbFC","spotify:track:0x8FNzbWujigoMtO6CIT7R","spotify:track:6En4YVqYbFuHGmcQEtYiCL","spotify:track:484UepK5sQ6a6hudHIIWj4","spotify:track:5RByQFt9Mlo8hDYJ921tCv","spotify:track:5dmhr7exmdl7QwCqwsbuG0"]},"chosen_tracks":["spotify:track:0nxiBat4Bpj3CPATVhHzTt","spotify:track:1EiLrPd8JMTcQUr1aLEUKi","spotify:track:3weNRklVDqb4Rr5MhKBR3D","spotify:track:5W8YXBz9MTIDyrpYaCg2Ky","spotify:track:0VfUUuAT8TbTRKbRmlxMMo","spotify:track:4RPgBUuDMjchqwHEfI28lq","spotify:track:6080hlBbZmuMCP0jnCOEn9","spotify:track:0bV0jAPUTN9xdVcW0nFos2","spotify:track:5xRP5iyVdGglqlY4Vcjhkx","spotify:track:09OpntwPHuNICsyEt1ETpE"],"feedback":""}