{"user_id":"23f192bb2b887300b98971d42e732e7f","top_tracks":{"artists_short_term":["spotify:artist:28eLrVsohdXynlnIzQ2VvI","spotify:artist:65A714FqhSPjoFZeffQbTv","spotify:artist:6wWVKhxIU2cEi0K81v7HvP","spotify:artist:2d2clcE4L7gSFlzJmXbBhe","spotify:artist:6ul6vL8Hg5jTulDi0Ac8ao","spotify:artist:0hGpZy6ws8FofByMkt0CV1"],"tracks_short_term":["spotify:track:4kF5GADt85FeD8Y26RRyLY","spotify:track:07fK0JZ4OCbBovMn1Elrrc","spotify:track:5zsR5IdBkndeLgUmovo5ac","spotify:track:5Q3qJECYqYs2ROryex8ZFi","spotify:track:4Dwa4xaoQBHqHH0aY4kGqK","spotify:track:00vhlwuuzdaNU9RhvtNX3r","spotify:track:12jrW2ool9GEgFXiiAVIqc","spotify:track:3CcUg476efrpBVdhrGUWtd","spotify:track:69InBLmrz7Cu0jBJk1dAgw","spotify:track:3TUBcFD2zioMC1jt6L8ILn"],"artists_medium_term":["spotify:artist:28eLrVsohdXynlnIzQ2VvI","spotify:artist:65A714FqhSPjoFZeffQbTv","spotify:artist:6wWVKhxIU2cEi0K81v7HvP","spotify:artist:7cWnPCnFKYKg5W0JKaf118","spotify:artist:6ul6vL8Hg5jTulDi0Ac8ao","spotify:artist:2d2clcE4L7gSFlzJmXbBhe","spotify:artist:2NPduAUeLVsfIauhRwuft1","spotify:artist:1189BemPY7h2lgaH1pkzGX","spotify:artist:0hGpZy6ws8FofByMkt0CV1","spotify:artist:2uFUBdaVGtyMqckSeCl0Qj"],"tracks_medium_term":["spotify:track:4kF5GADt85FeD8Y26RRyLY","spotify:track:5Q3qJECYqYs2ROryex8ZFi","spotify:track:5zsR5IdBkndeLgUmovo5ac","spotify:track:07fK0JZ4OCbBovMn1Elrrc","spotify:track:1C1MRQAQSuYWXJKziMZWoR","spotify:track:00vhlwuuzdaNU9RhvtNX3r","spotify:track:4Dwa4xaoQBHqHH0aY4kGqK","spotify:track:3CcUg476efrpBVdhrGUWtd","spotify:track:69InBLmrz7Cu0jBJk1dAgw","spotify:track:1IHCEJ8tsYLYy7n65C0CVe"],"artists_long_term":["spotify:artist:28eLrVsohdXynlnIzQ2VvI","spotify:artist:6wWVKhxIU2cEi0K81v7HvP","spotify:artist:65A714FqhSPjoFZeffQbTv","spotify:artist:6ul6vL8Hg5jTulDi0Ac8ao","spotify:artist:7cWnPCnFKYKg5W0JKaf118","spotify:artist:1189BemPY7h2lgaH1pkzGX","spotify:artist:2d2clcE4L7gSFlzJmXbBhe","spotify:artist:7gTbq5nTZGQIUgjEGXQpOS","spotify:artist:4tM8qmqg5cEZPHNLNQwHeb","spotify:artist:6pIRdCtSE5hLFfIfcTAicI"],"tracks_long_term":["spotify:track:0eKUELr34S4cU0igVSNZbm","spotify:track:7C1Ykh22VzV1wqQ2gCIkCE","spotify:track:3nnA8nAEVNKlRh1L3K2ypN","spotify:track:4kF5GADt85FeD8Y26RRyLY","spotify:track:0OXzVRlutIYrHKxVGzK0Mi","spotify:track:4bOqwx3h7QicIwW0CjUjG9","spotify:track:5Q3qJECYqYs2ROryex8ZFi","spotify:track:5zsR5IdBkndeLgUmovo5ac","spotify:track:07fK0JZ4OCbBovMn1Elrrc","spotify:track:4Dwa4xaoQBHqHH0aY4kGqK"]},"chosen_tracks":["spotify:track:5ekZw3TgckfYlXAn86NaI4","spotify:track:110XNFc2a1eu2YKRnlRuii","spotify:track:1C1MRQAQSuYWXJKziMZWoR","spotify:track:1IHCEJ8tsYLYy7n65C0CVe","spotify:track:4kF5GADt85FeD8Y26RRyLY","spotify:track:5Q3qJECYqYs2ROryex8ZFi","spotify:track:3CcUg476efrpBVdhrGUWtd","spotify:track:0PEIEzrOMtGOJY7aigSmK7","spotify:track:44N6HObmn9USKIMQweXHIk","spotify:track:1sdzulWDh6hkyxPfhGkAtx"],"feedback":""}