{"user_id":"29d53da10dd43fd0a85061cc518f24e5","top_tracks":{"tracks_medium_term":["spotify:track:5uC0wfjAj18DbXBeBwdpiL","spotify:track:7pZ07gwOfsxszdhQnuJkLD","spotify:track:30WYlOTUkGayw4Qo4Y9sYX","spotify:track:25lt5sIpdyvzGDp8JtP1WV","spotify:track:5MjE685l8mKtG3RBrfbMfh","spotify:track:5YFK3h4mZXyRxN7msDvRhS","spotify:track:0WdSphF71uXmNhkoBINjcu","spotify:track:4gWJ47gPppiiuYEnoEvUMU","spotify:track:1Z1WOFFvvqK55cshEic5p7","spotify:track:05WIxLeoNyxFK0dh4Bkgoh"],"artists_short_term":["spotify:artist:57Ce6izcYKvFOFlhsUFzLJ","spotify:artist:3oDbviiivRWhXwIE8hxkVV","spotify:artist:12YnPfu3zqQ9uOalclG0bK","spotify:artist:1ouwdRCWsw9IBhPoDMrhFv","spotify:artist:1SQRv42e4PjEYfPhS0Tk9E","spotify:artist:22WZ7M8sxp5THdruNY3gXt","spotify:artist:22bE4uQ6baNwSHPVcDxLCe","spotify:artist:7sBx432MZn1MzHeYHAA5qr","spotify:artist:568ZhdwyaiCyOGJRtNYhWf","spotify:artist:1VEzN9lxvG6KPR3QQGsebR"],"artists_long_term":["spotify:artist:4jFkB3Lzjku9SFKUTP33WV","spotify:artist:0oSGxfWSnnOXhD2fKuz2Gy","spotify:artist:11kBu957KTYoAltZHDm8gW","spotify:artist:287jMoxHzjERgHI6ja8TKa","spotify:artist:1GxkXlMwML1oSg5eLPiAz3","spotify:artist:4rAgFKtlTr66ic18YZZyF1","spotify:artist:5l8VQNuIg0turYE1VtM9zV","spotify:artist:3h6rezLYXc5QU08SCKZtyO","spotify:artist:4F7Q5NV6h5TSwCainz8S5A","spotify:artist:22bE4uQ6baNwSHPVcDxLCe"],"tracks_short_term":["spotify:track:30WYlOTUkGayw4Qo4Y9sYX","spotify:track:25lt5sIpdyvzGDp8JtP1WV","spotify:track:5MjE685l8mKtG3RBrfbMfh","spotify:track:5YFK3h4mZXyRxN7msDvRhS","spotify:track:0WdSphF71uXmNhkoBINjcu","spotify:track:4gWJ47gPppiiuYEnoEvUMU","spotify:track:1Z1WOFFvvqK55cshEic5p7","spotify:track:05WIxLeoNyxFK0dh4Bkgoh","spotify:track:1bqc35qbUzNP7kH19ql8PF","spotify:track:3TWU0kQIc6dlhot2HIyVAV"],"tracks_long_term":["spotify:track:5uC0wfjAj18DbXBeBwdpiL","spotify:track:7pZ07gwOfsxszdhQnuJkLD","spotify:track:30WYlOTUkGayw4Qo4Y9sYX","spotify:track:0WRusLjr3XEIBu44E8dFT6","spotify:track:7DqTaelFf846rl1CHmyfOW","spotify:track:5zb7npjQqoJ7Kcpq4yD9qn","spotify:track:0MHbJn7UKLH1HFg9lvAToH","spotify:track:3MclndtcndEVz0gKOXdM71","spotify:track:25lt5sIpdyvzGDp8JtP1WV","spotify:track:2uT3aswFopLTgJ4QtixmcJ"],"artists_medium_term":["spotify:artist:2oVwztjpHpJlAvlVVuqVa0","spotify:artist:57Ce6izcYKvFOFlhsUFzLJ","spotify:artist:0oSGxfWSnnOXhD2fKuz2Gy","spotify:artist:1ouwdRCWsw9IBhPoDMrhFv","spotify:artist:3oDbviiivRWhXwIE8hxkVV","spotify:artist:4jFkB3Lzjku9SFKUTP33WV","spotify:artist:12YnPfu3zqQ9uOalclG0bK","spotify:artist:5V0MlUE1Bft0mbLlND7FJz","spotify:artist:602DnpaSXJB4b9DZrvxbDc","spotify:artist:19eLuQmk9aCobbVDHc6eek"]},"chosen_tracks":["spotify:track:36MLLjFug6TJYNODUVR7av","spotify:track:5p6me2mwQrGfH30eExHn6v","spotify:track:30WYlOTUkGayw4Qo4Y9sYX","spotify:track:25lt5sIpdyvzGDp8JtP1WV","spotify:track:5YFK3h4mZXyRxN7msDvRhS","spotify:track:5MjE685l8mKtG3RBrfbMfh","spotify:track:4gWJ47gPppiiuYEnoEvUMU","spotify:track:1Z1WOFFvvqK55cshEic5p7","spotify:track:05WIxLeoNyxFK0dh4Bkgoh","spotify:track:3TWU0kQIc6dlhot2HIyVAV"],"feedback":""}