{
  "user_id": "2ad4b79b7ffff59269f7d55d490dc407",
  "top_tracks": {
    "artists_short_term": [
      "spotify:artist:3xNCp8cktZ1IGwRregR2yO",
      "spotify:artist:6wWVKhxIU2cEi0K81v7HvP",
      "spotify:artist:3o2dn2O0FCVsWDFSh8qxgG",
      "spotify:artist:2ye2Wgw4gimLv2eAKyk1NB",
      "spotify:artist:3AA28KZvwAUcZuOKwyblJQ",
      "spotify:artist:2SRIVGDkdqQnrQdaXxDkJt",
      "spotify:artist:4YygB8sfxuIcj2p0G9kpQ5",
      "spotify:artist:1Qp56T7n950O3EGMsSl81D",
      "spotify:artist:5M52tdBnJaKSvOpJGz8mfZ",
      "spotify:artist:68NOjWuVYBRXzYwhel3jAl"
    ],
    "tracks_short_term": [
      "spotify:track:5XWuM6zEFJeCntxHWvKKxM",
      "spotify:track:0x2CTbgEoXI68oiyZOOYQk",
      "spotify:track:4iMRqbiRu5Y9FwNYWVC0q1",
      "spotify:track:7dbDoG6QYKcyngjs1UjyKj",
      "spotify:track:2kSpWnKjPhi7BUQUynQS84",
      "spotify:track:4wBm4cfxyVu5TZgtuLMOUV",
      "spotify:track:1kqAlDmRUXylc1sC4choWX",
      "spotify:track:08FarMzEhKf4nfWQra0ksO",
      "spotify:track:7pQCLM1UpcDNuTXQYKrGJ9",
      "spotify:track:6rAg1aksbkKhcgxRpxZgNV"
    ],
    "tracks_medium_term": [
      "spotify:track:2kSpWnKjPhi7BUQUynQS84",
      "spotify:track:4iMRqbiRu5Y9FwNYWVC0q1",
      "spotify:track:2Uy7LkXdd5cfeVss0VO56q",
      "spotify:track:7pQCLM1UpcDNuTXQYKrGJ9",
      "spotify:track:4GoRNX8ZAsgt7FsmggBuAE",
      "spotify:track:14EORgkbXqIx5K4Haucmnb",
      "spotify:track:6Fx4D3awkM89pjbsTUgLKF",
      "spotify:track:2w81G8XijASdljpE5AOGSj",
      "spotify:track:4wiBDgqWmafDphz3GikRVr",
      "spotify:track:5uSGHxgFOtjJsJgAMusbIv"
    ],
    "artists_medium_term": [
      "spotify:artist:3xNCp8cktZ1IGwRregR2yO",
      "spotify:artist:2SRIVGDkdqQnrQdaXxDkJt",
      "spotify:artist:3o2dn2O0FCVsWDFSh8qxgG",
      "spotify:artist:49qiE8dj4JuNdpYGRPdKbF",
      "spotify:artist:1rKrEdI6GKirxWHxIUPYms",
      "spotify:artist:6wWVKhxIU2cEi0K81v7HvP",
      "spotify:artist:2ye2Wgw4gimLv2eAKyk1NB",
      "spotify:artist:3AA28KZvwAUcZuOKwyblJQ",
      "spotify:artist:4YygB8sfxuIcj2p0G9kpQ5",
      "spotify:artist:5M52tdBnJaKSvOpJGz8mfZ"
    ],
    "artists_long_term": [
      "spotify:artist:2ye2Wgw4gimLv2eAKyk1NB",
      "spotify:artist:0L8ExT028jH3ddEcZwqJJ5",
      "spotify:artist:3AA28KZvwAUcZuOKwyblJQ",
      "spotify:artist:12Chz98pHFMPJEknJQMWvI",
      "spotify:artist:2SRIVGDkdqQnrQdaXxDkJt",
      "spotify:artist:0k17h0D3J5VfsdmQ1iZtE9",
      "spotify:artist:4FmJD0mpgQ70SNt2EKK8tq",
      "spotify:artist:3xNCp8cktZ1IGwRregR2yO",
      "spotify:artist:1Dvfqq39HxvCJ3GvfeIFuT",
      "spotify:artist:4X42BfuhWCAZ2swiVze9O0"
    ],
    "tracks_long_term": [
      "spotify:track:0ZkkO456qIrAH9cr9DcPlW",
      "spotify:track:37zlkTmMfbwX9Wlno3KhS1",
      "spotify:track:0J1CIpL8IuUf0OyijwkMFj",
      "spotify:track:4wBm4cfxyVu5TZgtuLMOUV",
      "spotify:track:14EORgkbXqIx5K4Haucmnb",
      "spotify:track:3Llikc7f9KKGYwbrEfAYtk",
      "spotify:track:2sApFpOvdX7RKiHbShekNL",
      "spotify:track:5fUGUcxc6Ocn89pv60AKhr",
      "spotify:track:7JytQiV4Mxh7mWPxqvjvWF",
      "spotify:track:3HpzpYdqaJix7A7XizcU3e"
    ]
  },
  "chosen_tracks": [
    "spotify:track:4wBm4cfxyVu5TZgtuLMOUV",
    "spotify:track:0x2CTbgEoXI68oiyZOOYQk",
    "spotify:track:2Uy7LkXdd5cfeVss0VO56q",
    "spotify:track:7dbDoG6QYKcyngjs1UjyKj",
    "spotify:track:5XWuM6zEFJeCntxHWvKKxM",
    "spotify:track:6rAg1aksbkKhcgxRpxZgNV",
    "spotify:track:5sICkBXVmaCQk5aISGR3x1",
    "spotify:track:2MuWTIM3b0YEAskbeeFE1i",
    "spotify:track:5IX4TbIR5mMHGE4wiWwKW0",
    "spotify:track:2sApFpOvdX7RKiHbShekNL"
  ],
  "feedback": ""
}