{"user_id":"2c38d996d37b0b62b1dd963a42495946","top_tracks":{"artists_short_term":["spotify:artist:3eqjTLE0HfPfh78zjh6TqT","spotify:artist:2CvCyf1gEVhI0mX6aFXmVI","spotify:artist:4lxfqrEsLX6N1N4OCSkILp","spotify:artist:1w5Kfo2jwwIPruYS2UWh56","spotify:artist:5hHcAWKNV84BEbkRnbQ6A7","spotify:artist:7CajNmpbOovFoOoasH2HaY","spotify:artist:53XhwfbYqKCa1cC15pYq2q","spotify:artist:22bE4uQ6baNwSHPVcDxLCe","spotify:artist:6eUKZXaKkcviH0Ku9w2n3V","spotify:artist:08GQAI4eElDnROBrJRGE0X"],"tracks_short_term":["spotify:track:1BV0m40U0M4t1SLIsDnwZl","spotify:track:3R2q3FCnNIw2XhuEbYtYk6","spotify:track:7zrHnJ87htwgS20PzFmgTr","spotify:track:4jLv3tDBu8ww2R07DvL12s","spotify:track:08mG3Y1vljYA6bvDt4Wqkj","spotify:track:27JhdyVLc45QD9CCErgOuT","spotify:track:4qM461TqtpnP4GLRIXwEnW","spotify:track:4U7NhC2rQTAhH7dw7H0goB","spotify:track:0dOg1ySSI7NkpAe89Zo0b9","spotify:track:4gvea7UlDkAvsJBPZAd4oB"],"tracks_medium_term":["spotify:track:6fenHIxXuuzKB55wY4WCHP","spotify:track:35j3CjgBRoqLp8LsAKsQF4","spotify:track:1qfYG2JrchEyJiqKnkE7YQ","spotify:track:4S1VYqwfkLit9mKVY3MXoo","spotify:track:4zJ3S7wjKwPvLbWmeKhceh","spotify:track:6hTcuIQa0sxrrByu9wTD7s","spotify:track:7FwBtcecmlpc1sLySPXeGE","spotify:track:0c1gHntWjKD7QShC8s99sq","spotify:track:2b8fOow8UzyDFAE27YhOZM","spotify:track:57iDDD9N9tTWe75x6qhStw"],"artists_medium_term":["spotify:artist:3eqjTLE0HfPfh78zjh6TqT","spotify:artist:1vCWHaC5f2uS3yhpwWbIA6","spotify:artist:5hHcAWKNV84BEbkRnbQ6A7","spotify:artist:7Ey4PD4MYsKc5I2dolUwbH","spotify:artist:4lxfqrEsLX6N1N4OCSkILp","spotify:artist:4gzpq5DPGxSnKTe4SA8HAU","spotify:artist:6eUKZXaKkcviH0Ku9w2n3V","spotify:artist:53XhwfbYqKCa1cC15pYq2q","spotify:artist:3gd8FJtBJtkRxdfbTu19U2","spotify:artist:7CajNmpbOovFoOoasH2HaY"],"tracks_long_term":["spotify:track:2MXg8JEeTLUoWXefisRdwQ","spotify:track:2xLMifQCjDGFmkHkpNLD9h","spotify:track:0lMbuWUpfTWhEmOKxppEau","spotify:track:7BKLCZ1jbUBVqRi2FVlTVw","spotify:track:1Nj2oBISdFDSF8eDuXcALz","spotify:track:6EzSy7WxNCazx3csu7lxdV","spotify:track:5YPMEOJ58kfl56VHxTgwx3","spotify:track:6QiBNpMK7xlZFnnoEdIPCr","spotify:track:2Z8WuEywRWYTKe1NybPQEW","spotify:track:3YBZIN3rekqsKxbJc9FZko"],"artists_long_term":["spotify:artist:1vCWHaC5f2uS3yhpwWbIA6","spotify:artist:53XhwfbYqKCa1cC15pYq2q","spotify:artist:02kJSzxNuaWGqwubyUba0Z","spotify:artist:4gzpq5DPGxSnKTe4SA8HAU","spotify:artist:7CajNmpbOovFoOoasH2HaY","spotify:artist:5Pwc4xIPtQLFEnJriah9YJ","spotify:artist:6eUKZXaKkcviH0Ku9w2n3V","spotify:artist:1Cs0zKBU1kc0i8ypK3B9ai","spotify:artist:69GGBxA162lTqCwzJG5jLp","spotify:artist:3eqjTLE0HfPfh78zjh6TqT"]},"chosen_tracks":["spotify:track:1VyDQtfhX6gqhWTGU7Oe8X","spotify:track:4S1VYqwfkLit9mKVY3MXoo","spotify:track:1QEEqeFIZktqIpPI4jSVSF","spotify:track:37Tmv4NnfQeb0ZgUC4fOJj","spotify:track:4qM461TqtpnP4GLRIXwEnW","spotify:track:4jLv3tDBu8ww2R07DvL12s"],"feedback":""}