{"user_id":"2f839fd28b65e0c0e9dd7679bdc82356","top_tracks":{"artists_short_term":["spotify:artist:56oDRnqbIiwx4mymNEv7dS"],"artists_medium_term":["spotify:artist:4njdEjTnLfcGImKZu1iSrz","spotify:artist:5nwjcZ87CGNRiO98nFKdOD","spotify:artist:0JnNzCUsHuDcUcBatOzuGP","spotify:artist:68EB3QvNdVLkC7SAgDbHIR","spotify:artist:56oDRnqbIiwx4mymNEv7dS","spotify:artist:5cIc3SBFuBLVxJz58W2tU9","spotify:artist:163tK9Wjr9P9DmM0AVK7lm","spotify:artist:6LqNN22kT3074XbTVUrhzX","spotify:artist:53XhwfbYqKCa1cC15pYq2q","spotify:artist:1csBgT42N4pPPs1HJhxXIK"],"tracks_short_term":["spotify:track:2Nz14MtLy82a3togG2EI8l","spotify:track:30nwxUmOXvcwA1U84BqowT","spotify:track:0rKtyWc8bvkriBthvHKY8d","spotify:track:2Fxmhks0bxGSBdJ92vM42m","spotify:track:4CLPNURPcKztF9RRdcWLGP","spotify:track:26ZX2JrAb8AFbr8FFfAsO7","spotify:track:0CSHaJbhMeW7tRdXGzGTqt","spotify:track:1CnPYaKxTVb4LWOtiGOm0m","spotify:track:6nBQFAIVFmAx2oZ8p6lUg6","spotify:track:4rCKRVJZKVysScn2piDuOT"],"tracks_medium_term":["spotify:track:2Nz14MtLy82a3togG2EI8l","spotify:track:26ZX2JrAb8AFbr8FFfAsO7","spotify:track:0rKtyWc8bvkriBthvHKY8d","spotify:track:7pBrj5rt4SSxXwFKOyZfHR","spotify:track:1CnPYaKxTVb4LWOtiGOm0m","spotify:track:6nBQFAIVFmAx2oZ8p6lUg6","spotify:track:5ifi01PWSK7Nx1FbIZ0jT8","spotify:track:0CSHaJbhMeW7tRdXGzGTqt","spotify:track:0k664IuFwVP557Gnx7RhIl","spotify:track:4CLPNURPcKztF9RRdcWLGP"],"tracks_long_term":["spotify:track:79NlESqzFSW0hdBWgls4FX","spotify:track:2TXp7hMoTIfHtU1u99XwJQ","spotify:track:15dnkAHcHC0vrIUlbiPiqU","spotify:track:0hXJmucLNpF138QY9FJvsT","spotify:track:7CdYyn6uUyzysY5z7gubZq","spotify:track:7eGpQgpepXm1MJ80Zhoipv","spotify:track:2Fxmhks0bxGSBdJ92vM42m","spotify:track:04rkWgfd6v9xXMAHBVP9Sr","spotify:track:2bopUyK6ll0CZFw03TDKAY","spotify:track:4JIo8RztBbELr2gWJ5OGK6"],"artists_long_term":["spotify:artist:53XhwfbYqKCa1cC15pYq2q","spotify:artist:6LqNN22kT3074XbTVUrhzX","spotify:artist:66CXWjxzNUsdJxJ2JdwvnR","spotify:artist:50VoYemccTaftNfFqWtlXd","spotify:artist:6eUKZXaKkcviH0Ku9w2n3V","spotify:artist:0hCNtLu0JehylgoiP8L4Gh","spotify:artist:3YQKmKGau1PzlVlkL1iodx","spotify:artist:20JZFwl6HVl6yg8a4H3ZqK","spotify:artist:68EB3QvNdVLkC7SAgDbHIR","spotify:artist:3z6Gk257P9jNcZbBXJNX5i"]},"chosen_tracks":["spotify:track:07Oz5StQ7GRoygNLaXs2pd","spotify:track:18ssFhD04lWo1RzpcohnrG","spotify:track:2kJu14V7hbZw3I4K8L8SXb","spotify:track:7pBrj5rt4SSxXwFKOyZfHR","spotify:track:47wq2z7KMHDRnoSMdZODUA","spotify:track:7cfr3F2jpzjwqL6ZhGfjtH","spotify:track:62yJjFtgkhUrXktIoSjgP2","spotify:track:0pqnGHJpmpxLKifKRmU6WP","spotify:track:0rKtyWc8bvkriBthvHKY8d","spotify:track:5ykbOijJEfRhuo2Td1m0Qd"],"feedback":""}