{"user_id":"30b12d6f0d13722980642aca7501d462","top_tracks":{"tracks_short_term":["spotify:track:2rXLUVHDSoZwz7x2SBpPyn","spotify:track:24NwBd5vZ2CK8VOQVnqdxr","spotify:track:2crrDcLiHNApBh0qIWBi11","spotify:track:2c5Isyd07hWsl7AQia2Dig","spotify:track:2myRmUHSzy9AH3V9wSicYP","spotify:track:4dpEYOPcmHNfvERbiajp3G","spotify:track:4GF6mCFaQbdqVtfbuLW7Fe","spotify:track:2l8nEO0vsTRCRnGqQty6qx","spotify:track:2V65y3PX4DkRhy1djlxd9p","spotify:track:3yV7u0sDOiYUn9tw64I1th"],"tracks_medium_term":["spotify:track:1IjweJUDe5ACTiJZ5aIzbl","spotify:track:3HavUOfAzYvgjggxMy75eX","spotify:track:69zyifKelGUoEBEKfCX5ri","spotify:track:197aNKfFNy02if3CpWStRI","spotify:track:36ux3YuUsGTWPT8fXclS45","spotify:track:2c5Isyd07hWsl7AQia2Dig","spotify:track:1O2BEJTCK3OhPyEGt5y2Jm","spotify:track:04Hnk5aWffaqhAyq7VSZmG","spotify:track:026hoYoH1EHdFCVEIblkLI","spotify:track:7mcEtXc99NlM4iIbcj9CXL"],"artists_medium_term":["spotify:artist:1lxHE7dVKOVaIjGOIu8svG","spotify:artist:5amPFw5XVlNzP7uSKBXtai","spotify:artist:5tUV7pEJAFzJXWbJBtTkjt","spotify:artist:3TOqt5oJwL9BE2NG9MEwDa","spotify:artist:5M7RMcbgYy45XzC51HU355","spotify:artist:0L8ExT028jH3ddEcZwqJJ5","spotify:artist:3AA28KZvwAUcZuOKwyblJQ","spotify:artist:4hcbbb8RBjFjCuMhmVv1b9","spotify:artist:6XyY86QOPPrYVGvF9ch6wz","spotify:artist:53XhwfbYqKCa1cC15pYq2q"],"artists_short_term":["spotify:artist:4hcbbb8RBjFjCuMhmVv1b9","spotify:artist:0L8ExT028jH3ddEcZwqJJ5","spotify:artist:3zwtzjFSBvjdmuk2D0bEza","spotify:artist:3AA28KZvwAUcZuOKwyblJQ","spotify:artist:3TOqt5oJwL9BE2NG9MEwDa","spotify:artist:6XyY86QOPPrYVGvF9ch6wz","spotify:artist:53XhwfbYqKCa1cC15pYq2q","spotify:artist:5BWwOqYJwIlEbS858Kmh2E","spotify:artist:26T3LtbuGT1Fu9m0eRq5X3","spotify:artist:5BtHciL0e0zOP7prIHn3pP"],"artists_long_term":["spotify:artist:3AA28KZvwAUcZuOKwyblJQ","spotify:artist:0L8ExT028jH3ddEcZwqJJ5","spotify:artist:53XhwfbYqKCa1cC15pYq2q","spotify:artist:3TOqt5oJwL9BE2NG9MEwDa","spotify:artist:6XyY86QOPPrYVGvF9ch6wz","spotify:artist:7dGJo4pcD2V6oG8kP0tJRR","spotify:artist:1lxHE7dVKOVaIjGOIu8svG","spotify:artist:7qG3b048QCHVRO5Pv1T5lw","spotify:artist:26T3LtbuGT1Fu9m0eRq5X3","spotify:artist:3YQKmKGau1PzlVlkL1iodx"],"tracks_long_term":["spotify:track:5m578MgxuEC956dulprCe8","spotify:track:0eEgMbSzOHmkOeVuNC3E0k","spotify:track:1Q3t9fWvHUXKsMmpD2XpUu","spotify:track:5g7rJvWYVrloJZwKiShqlS","spotify:track:0d28khcov6AiegSCpG5TuT","spotify:track:3ZOEytgrvLwQaqXreDs2Jx","spotify:track:2RCp9QBnFSxdKe8RD4xF8s","spotify:track:37sINbJZcFdHFAsVNsPq1i","spotify:track:5BSclXJTa9B0iURhUjZo50","spotify:track:2CJ6CRzuRQd46asE1ucuVD"]},"chosen_tracks":["spotify:track:24NwBd5vZ2CK8VOQVnqdxr","spotify:track:2bIGTwtsxXPGaDWhjCjtr0","spotify:track:0NmaPrY7RqqXh2ogVxuKxC","spotify:track:2SL6oP2YAEQbqsrkOzRGO4","spotify:track:6MQAB3vorg90FA3tQpbYXK","spotify:track:10Nmj3JCNoMeBQ87uw5j8k","spotify:track:1S9tfxdFr4TqoqA14gnKj3"],"feedback":""}