{"user_id":"327c67f1f4930fd37c644072528db42e","top_tracks":{"artists_short_term":["spotify:artist:0uNj4RxFjG0iVPlZS753en","spotify:artist:3TOqt5oJwL9BE2NG9MEwDa","spotify:artist:0lVlNsuGaOr9vMHCZIAKMt","spotify:artist:3v3VSKylQE69ztn5TUVlFE","spotify:artist:1iZlQG09PwkMVMumsvgFj4","spotify:artist:4sy5qWfwUwpGYBnCKnwfcW","spotify:artist:3ggwAqZD3lyT2sbovlmfQY","spotify:artist:4xTDPgk4jHCF0qui3dH6BS","spotify:artist:4pQN0GB0fNEEOfQCaWotsY","spotify:artist:14u4KXVp0iXQil79EpxXGc"],"tracks_short_term":["spotify:track:6OyFED2JFZZ0MDTVNhFAjR","spotify:track:5QLH7zAdcAJLgR25gtvtoK","spotify:track:4Us1fYjKY8obaermNIkPYT","spotify:track:4bY2SbmhtGWyQLlBP9ZH4W","spotify:track:3qHlBxD3acw5nrl7Padt0v","spotify:track:1QPLU5btsEVELhCNshL2QC","spotify:track:6rzRyUZIciIWyhPjiW99pN","spotify:track:4sIPJ0x9xEabKrsGxDP2kb","spotify:track:4uxh8UgysQrm5jUfIMNeJb","spotify:track:5ZmP9MIok5ZJESp5sKgMTO"],"tracks_medium_term":["spotify:track:2r7YFRRKNOPBJBodI7Z5y3","spotify:track:4bY2SbmhtGWyQLlBP9ZH4W","spotify:track:7LLQxMvAYOpoC2PKe3VQn5","spotify:track:5ZmP9MIok5ZJESp5sKgMTO","spotify:track:5QLH7zAdcAJLgR25gtvtoK","spotify:track:6rzRyUZIciIWyhPjiW99pN","spotify:track:2auGZBF35U0Hx18EzGSVOX","spotify:track:2pj2VXKSBRTmV8nuiaCKd2","spotify:track:1CUoMY687xC9O1iRYemZ21","spotify:track:3w9zHVKI28aUPZTxq8oDC6"],"artists_medium_term":["spotify:artist:3TOqt5oJwL9BE2NG9MEwDa","spotify:artist:1k0jnWb55QS6FjTU9LzMhi","spotify:artist:2tRsMl4eGxwoNabM08Dm4I","spotify:artist:0uNj4RxFjG0iVPlZS753en","spotify:artist:3EbMlZ7ZKmFWPTHrLzpzvs","spotify:artist:1l2oLiukA9i5jEtIyNWIEP","spotify:artist:0GDGKpJFhVpcjIGF8N6Ewt","spotify:artist:1iZlQG09PwkMVMumsvgFj4","spotify:artist:3JFsVIxOn7STeilPICkkB2","spotify:artist:14u4KXVp0iXQil79EpxXGc"],"tracks_long_term":["spotify:track:1CUoMY687xC9O1iRYemZ21","spotify:track:3QFY04Q0QazHa1jHCKTD6L","spotify:track:1DbX8bRauglTfR7buCMetJ","spotify:track:2auGZBF35U0Hx18EzGSVOX","spotify:track:5ZmP9MIok5ZJESp5sKgMTO","spotify:track:2r7YFRRKNOPBJBodI7Z5y3","spotify:track:67dA1a6OCUtLHgq9qdQ216","spotify:track:1coJ1H1FiEZG93naXkOsNF","spotify:track:2FmOBy4mNo0tRvWRuVsbr1","spotify:track:5jEqNXDWAbXZuFKtBkaVjz"],"artists_long_term":["spotify:artist:1k0jnWb55QS6FjTU9LzMhi","spotify:artist:3KEixcRfBS5K3E91Vn1Kdy","spotify:artist:3EbMlZ7ZKmFWPTHrLzpzvs","spotify:artist:3JFsVIxOn7STeilPICkkB2","spotify:artist:3TOqt5oJwL9BE2NG9MEwDa","spotify:artist:5HFkc3t0HYETL4JeEbDB1v","spotify:artist:1l2oLiukA9i5jEtIyNWIEP","spotify:artist:6XyY86QOPPrYVGvF9ch6wz","spotify:artist:0GDGKpJFhVpcjIGF8N6Ewt","spotify:artist:3ggwAqZD3lyT2sbovlmfQY"]},"chosen_tracks":["spotify:track:6OyFED2JFZZ0MDTVNhFAjR","spotify:track:1DbX8bRauglTfR7buCMetJ","spotify:track:4lFxQyVeTYkM010VUtCp6o","spotify:track:2WK78upCkuvhkJcrHlEEyI","spotify:track:5wtZn5fH9FTFG6lZS2JfVJ","spotify:track:00TGiIbiQMynLQ46G3P8JT","spotify:track:3w9zHVKI28aUPZTxq8oDC6","spotify:track:3niz4765xdQsl0DSMf4DIx","spotify:track:2auGZBF35U0Hx18EzGSVOX","spotify:track:40Vo3ll84envdqgweWy8Hq"],"feedback":"some nice heavy\/death metal songs that never get old"}