{"user_id":"33413209df6a625f44f7e3ac60911252","top_tracks":{"artists_medium_term":["spotify:artist:5cIc3SBFuBLVxJz58W2tU9"],"artists_short_term":["spotify:artist:5cIc3SBFuBLVxJz58W2tU9"],"tracks_short_term":["spotify:track:0IVHlst3XMgzXUJbIyZ8oO","spotify:track:0lchLc0vSyRRqKSPIkFtJI","spotify:track:12x8dNNjYiOEmsz9sOwpiL","spotify:track:1Gl8PKu5MzKuVWEf5xc0lX","spotify:track:1fhn9HRGzQD1YDASdj9vQ7","spotify:track:1rmalza74Uu6v2dcK827He","spotify:track:1zGN6NGJrVkXdfjax5YBiu","spotify:track:29eAvvUJduauHrmYzWALWN","spotify:track:2QgNcjwEn0vGmTommfszQd","spotify:track:2eAZfqOm4EnOF9VvN50Tyc"],"tracks_medium_term":["spotify:track:0IVHlst3XMgzXUJbIyZ8oO","spotify:track:0lchLc0vSyRRqKSPIkFtJI","spotify:track:12x8dNNjYiOEmsz9sOwpiL","spotify:track:1Gl8PKu5MzKuVWEf5xc0lX","spotify:track:1fhn9HRGzQD1YDASdj9vQ7","spotify:track:1rmalza74Uu6v2dcK827He","spotify:track:1zGN6NGJrVkXdfjax5YBiu","spotify:track:29eAvvUJduauHrmYzWALWN","spotify:track:2QgNcjwEn0vGmTommfszQd","spotify:track:2eAZfqOm4EnOF9VvN50Tyc"],"artists_long_term":["spotify:artist:74cb3MG0x0BOnYNW1uXYnM","spotify:artist:5hHcAWKNV84BEbkRnbQ6A7","spotify:artist:0SfsnGyD8FpIN4U4WCkBZ5","spotify:artist:3gd8FJtBJtkRxdfbTu19U2","spotify:artist:39qqiOIe3rCLPgoRwAgkcW","spotify:artist:1vCWHaC5f2uS3yhpwWbIA6","spotify:artist:16oZKvXb6WkQlVAjwo2Wbg","spotify:artist:0bz9hDpUbAw5JElgEiuIYZ","spotify:artist:3AQRLZ9PuTAozP28Skbq8V","spotify:artist:3FUY2gzHeIiaesXtOAdB7A"],"tracks_long_term":["spotify:track:3ZsliTjChi8oOAkLGSbp8A","spotify:track:7APJ8LNGG9SNfpadjvTx0G","spotify:track:2lWAP3l4ILsjy11jsX49Ys","spotify:track:64zUNPNYxusLnW21zSZ6ZR","spotify:track:1o7Avqfo1GYHsu6uoVsrfZ","spotify:track:2qeyOgpyKbhRGB9rYqfhyo","spotify:track:7uQcmpux59FleV3L8h0kto","spotify:track:0VYQK5I08homNvX8SRS37R","spotify:track:4H5KOIP3w7DONteesAzMRl","spotify:track:3lLVBoR51mncrBeere2gpZ"]},"chosen_tracks":["spotify:track:6nGeLlakfzlBcFdZXteDq7","spotify:track:64JrciHjlnAg2ZZxi5cs1K","spotify:track:4RVtBlHFKj51Ipvpfv5ER4","spotify:track:1prZ0pr6XoRCxcrC3MCL0M","spotify:track:3JvKfv6T31zO0ini8iNItO","spotify:track:6m60IwLIkZ2Fmz4J9FsQ1o"],"feedback":"It's a nice combination of songs I like and listened to in the last few weeks"}