{
  "user_id": "3a2eab8ead7c1418822bfb71e17b56ed",
  "top_tracks": {
    "artists_medium_term": [
      "spotify:artist:3EA9hVIzKfFiQI0Kikz2wo",
      "spotify:artist:2SNzxY1OsSCHBLVi77mpPQ",
      "spotify:artist:6eUKZXaKkcviH0Ku9w2n3V",
      "spotify:artist:6wWVKhxIU2cEi0K81v7HvP"
    ],
    "tracks_medium_term": [
      "spotify:track:1vS9HQKhEmNBURBSzRKbrH",
      "spotify:track:0heCOy4tHsDe3JZxErTJzx",
      "spotify:track:0k8wzX5KxN3mM5Y0pjqRGj",
      "spotify:track:0mBf09mP8qVcxB1RM2E8qE",
      "spotify:track:0ndbVkfAaWxrwdcEsztxqk",
      "spotify:track:0skmdxHgBUsPKylFlK5FaK",
      "spotify:track:1ML2r3gzmd9776dmnlGYlh",
      "spotify:track:1TyW43avSSYeHS31qQNjWC",
      "spotify:track:1UZOjK1BwmwWU14Erba9CZ",
      "spotify:track:2IUWExt0Pw2dL5PRG4BZcn"
    ],
    "artists_long_term": [
      "spotify:artist:0dE9ooTNz8iEKIKItRI66t",
      "spotify:artist:3EA9hVIzKfFiQI0Kikz2wo",
      "spotify:artist:1GxkXlMwML1oSg5eLPiAz3",
      "spotify:artist:5uCXJWo3WoXgqv3T1RlAbh",
      "spotify:artist:1AZ30JnvQU1pbX6sbRE0Yn",
      "spotify:artist:0BvkDsjIUla7X0k6CSWh1I",
      "spotify:artist:0hEurMDQu99nJRq8pTxO14",
      "spotify:artist:7H55rcKCfwqkyDFH9wpKM6",
      "spotify:artist:2wY79sveU1sp5g7SokKOiI",
      "spotify:artist:2SNzxY1OsSCHBLVi77mpPQ"
    ],
    "tracks_long_term": [
      "spotify:track:4gnAn8hU0Eo3hunDJYmSaY",
      "spotify:track:2IUWExt0Pw2dL5PRG4BZcn",
      "spotify:track:41DtBahLkhZNCK3KDk3u8Q",
      "spotify:track:1ML2r3gzmd9776dmnlGYlh",
      "spotify:track:7t3q4ghl6rphMXn0oOJhUr",
      "spotify:track:2z1D4PqjWYEsXeXxE6euQ2",
      "spotify:track:6ZHp23LxD1QSApPWJ4Reel",
      "spotify:track:3zbrrPKjo7GprwgGyXzEsO",
      "spotify:track:5QCNav5MXT4un1jxr49qnB",
      "spotify:track:573Z2Dty5epeNgKsgoDOlr"
    ]
  },
  "chosen_tracks": [
    "spotify:track:2DtPEKs3Pj7E06EoWW4vw8",
    "spotify:track:5WHnE8MsLFHqSUwecrs7WO",
    "spotify:track:0kSWgQOKaS8LA2U4tU7ZkE",
    "spotify:track:7ebDvoecu6bw5uMxnxK8qt",
    "spotify:track:2R6UrJ8uWbSIiHWmvRQvN8",
    "spotify:track:31DvHUCSioX0JD7B4kZMJ9",
    "spotify:track:2CxmktXqJwP9KZv6WJtZCm",
    "spotify:track:3RgR3cFZ6xh7MlB9DURK6e"
  ],
  "feedback": ""
}