{"user_id":"3abe20603ec6b98b80ea7b5b83e34263","top_tracks":{"tracks_short_term":["spotify:track:48jyjD8QcbGtRajxlCRzxL","spotify:track:5WLq3CFNEAbm8ug9ZptuCi","spotify:track:2m4sbnhJjzTuCJgjd3hi3n","spotify:track:4vyffQIyIgAVoGNqw4HE9B","spotify:track:5awCuhQfaq13NwTllkfNWE","spotify:track:18tCFWknS0gTJBBRLCuI0T","spotify:track:1tEDlKg1Rmv9sE6z1XR6Vy","spotify:track:1vYpHMHqm7ngZ2t9972qcB","spotify:track:384MzPWC7HLmPNYDrkYlj8","spotify:track:3ciG9dFG3tXue9EQ7xXXlD"],"artists_short_term":["spotify:artist:7m4gF38CPATtHrk5HS42WZ","spotify:artist:54UJV3OPkBfR4V92nsYs1Z","spotify:artist:5VX8hxrcfJWwaTLiqGUHG3","spotify:artist:1bMkQIx4MpNHLxoylvipdQ","spotify:artist:26T4yOaOoFJvUvxR87Y9HO","spotify:artist:3YCKuqpv9nCsIhJ2v8SMix","spotify:artist:3SgHzT552wy2W8pNLaLk24","spotify:artist:74cb3MG0x0BOnYNW1uXYnM","spotify:artist:6piIAIurGAryW5h1rqQC16","spotify:artist:2LFbgsbEhfilNpQYW7mied"],"tracks_medium_term":["spotify:track:4vyffQIyIgAVoGNqw4HE9B","spotify:track:40pQPRFmgFHKhkBZrbjSxF","spotify:track:53AJtyJDf0TPSOwupbmUBU","spotify:track:3ciG9dFG3tXue9EQ7xXXlD","spotify:track:0m8YMp4kDDFVATJCVIdhOv","spotify:track:110HRYpKmPDRjbbaZPpzdU","spotify:track:384MzPWC7HLmPNYDrkYlj8","spotify:track:4g6cBAfk6Weh7yOpjHs1e9","spotify:track:1vYpHMHqm7ngZ2t9972qcB","spotify:track:2dsxwlO8IIG6QZDIYMf5Qy"],"artists_medium_term":["spotify:artist:3SgHzT552wy2W8pNLaLk24","spotify:artist:3YCKuqpv9nCsIhJ2v8SMix","spotify:artist:67OFzndMlzj7cDF2BqnwYe","spotify:artist:54UJV3OPkBfR4V92nsYs1Z","spotify:artist:7m4gF38CPATtHrk5HS42WZ","spotify:artist:5aCopGFOGbHyfqe3yotDPu","spotify:artist:1bMkQIx4MpNHLxoylvipdQ","spotify:artist:26T4yOaOoFJvUvxR87Y9HO","spotify:artist:2LFbgsbEhfilNpQYW7mied","spotify:artist:5VX8hxrcfJWwaTLiqGUHG3"],"artists_long_term":["spotify:artist:74cb3MG0x0BOnYNW1uXYnM","spotify:artist:3SgHzT552wy2W8pNLaLk24","spotify:artist:7m4gF38CPATtHrk5HS42WZ","spotify:artist:11Y54BxlxC3UIAUkU2eadQ","spotify:artist:6eJqAWJdd8JhAN1pQGie4r","spotify:artist:1SZMaiNHfdUuU0qZKZ6y62","spotify:artist:53XhwfbYqKCa1cC15pYq2q","spotify:artist:49bzE5vRBRIota4qeHtQM8","spotify:artist:26T4yOaOoFJvUvxR87Y9HO","spotify:artist:3YCKuqpv9nCsIhJ2v8SMix"],"tracks_long_term":["spotify:track:4a6gCiN3y65Dg1U3aTkFNW","spotify:track:63BqUlW3h2ojDnexl3NxrQ","spotify:track:7fhwDMN7iTTWbGbxvJZKoW","spotify:track:2dsxwlO8IIG6QZDIYMf5Qy","spotify:track:43S4LXQySI1N2Zmnkdzh6j","spotify:track:18tCFWknS0gTJBBRLCuI0T","spotify:track:4g6cBAfk6Weh7yOpjHs1e9","spotify:track:0m8YMp4kDDFVATJCVIdhOv","spotify:track:1aNi5aEEhGYTK2lmwQ8YFq","spotify:track:41eeOy5oZTW88kz6HOaTNV"]},"chosen_tracks":["spotify:track:64JrciHjlnAg2ZZxi5cs1K","spotify:track:2m4sbnhJjzTuCJgjd3hi3n","spotify:track:3gtqd9P8kZblHf4I7Ybub2","spotify:track:1sF4VadVaVTvp9WTEy79JT","spotify:track:1GtmiINnAu5K2VEqyh1Xdc","spotify:track:3QhL4eWBVv64IycG3i9XTb","spotify:track:7jQpjGSWuxXT84p00VF9EH"],"feedback":""}