{"user_id":"3bae11dbaa31280927c52fed7b51aefa","top_tracks":{"tracks_short_term":["spotify:track:5fBINwkFHK78VlJhV9vHGY"],"artists_medium_term":["spotify:artist:4FmJD0mpgQ70SNt2EKK8tq","spotify:artist:5HFkc3t0HYETL4JeEbDB1v","spotify:artist:58lV9VcRSjABbAbfWS6skp","spotify:artist:5FXMcILCOMjljRTV6cLoiE"],"tracks_medium_term":["spotify:track:0BmT0BVnYYggf7V4NCtx2B","spotify:track:0ZAqidNny4qh1RwM6LjOir","spotify:track:2FxfCsAdtZDqoqjWqiib5X","spotify:track:4GDxtMbcEZRuf13xclYivg","spotify:track:0UseVSSLnJx2VvsSv5WIhX","spotify:track:15zg9OP8HRg15VU83VYxXj","spotify:track:2CyhQvZOTDJtHZnvmhRPEJ","spotify:track:3PNy8FT9vvFA1evm536MgB","spotify:track:1zDtj0BtFUqo3VFEPUCEmQ","spotify:track:57LZTgjCX2bL8DxS4dIhYp"],"tracks_long_term":["spotify:track:0TqBBrdwai3zdM90Tmyt8J","spotify:track:0JKY13K1Io2aqXJb96UyzX","spotify:track:74EV0g12ihUoOUXMprFpZB","spotify:track:1hKdDCpiI9mqz1jVHRKG0E","spotify:track:6v49SCKDdNALKJ73FLO4xU","spotify:track:1pP3YHwekCO1JFwIegtkrZ","spotify:track:3D8HFRUgp01XvJdsKBdDB0","spotify:track:2mYMAJGoauv6LYCpzIOGBi","spotify:track:0a5UnIvDUBzqwUduJsouRy","spotify:track:7FQvFYg88JndjHvd5tBxwI"],"artists_long_term":["spotify:artist:3TOqt5oJwL9BE2NG9MEwDa","spotify:artist:6om12Ev5ppgoMy3OYSoech","spotify:artist:2NPduAUeLVsfIauhRwuft1","spotify:artist:4FmJD0mpgQ70SNt2EKK8tq","spotify:artist:5HFkc3t0HYETL4JeEbDB1v","spotify:artist:12Chz98pHFMPJEknJQMWvI","spotify:artist:1dfeR4HaWDbWqFHLkxsg1d","spotify:artist:2KaW48xlLnXC2v8tvyhWsa","spotify:artist:3OpqU68JpZlzvjAJj3B2Da","spotify:artist:4UXqAaa6dQYAk18Lv7PEgX"]},"chosen_tracks":["spotify:track:6vQT1Y3MTGCpc31VIF5Ela","spotify:track:5KDcHol0FbJZCmNivYabkJ","spotify:track:5fBINwkFHK78VlJhV9vHGY","spotify:track:2JPYNZOWzjiuaEek4AjJNu","spotify:track:482vB26JIf9rFGqLg69uZt"],"feedback":"I like heavy metal!"}