{"user_id":"3f876378d7811bcf3f732ffc4aff5cc9","top_tracks":{"artists_short_term":["spotify:artist:29aw5YCdIw2FEXYyAJZI8l","spotify:artist:4zCH9qm4R2DADamUHMCa6O","spotify:artist:1mYsTxnqsietFxj1OgoGbG","spotify:artist:2NoJ7NuNs9nyj8Thoh1kbu","spotify:artist:6AiX12wXdXFoGJ2vk8zBjy","spotify:artist:7qjJw7ZM2ekDSahLXPjIlN","spotify:artist:1SJOL9HJ08YOn92lFcYf8a","spotify:artist:2ae6PxICSOZHvjqiCcgon8","spotify:artist:5VVN3xZw1i2qihfITZlvCZ","spotify:artist:03BpzhNt6c3zawtLdu90qn"],"tracks_short_term":["spotify:track:65LdTCpNcJt8DInPLXxkKO","spotify:track:468DmIR7WVHAaZZXm4Zbpv","spotify:track:2dnAqKYsZRuNVOJ9OVH7Ov","spotify:track:4Hfab9JSboztQUlw1oSmGB","spotify:track:5upmbnXemLfPvs3d2eyHml","spotify:track:5tuyIT7THWBVIono5JfY0x","spotify:track:5BcgDlJ1yRro5PArL6Gswn","spotify:track:6vztfVJ1lTWe23YMNv6Pk1","spotify:track:4PML5RtrVcYAwTTS46otXB","spotify:track:00QuXoF6LyKwH9xz7lXGdf"],"artists_medium_term":["spotify:artist:1mYsTxnqsietFxj1OgoGbG","spotify:artist:4zCH9qm4R2DADamUHMCa6O","spotify:artist:7qjJw7ZM2ekDSahLXPjIlN","spotify:artist:29aw5YCdIw2FEXYyAJZI8l","spotify:artist:2ae6PxICSOZHvjqiCcgon8","spotify:artist:2NoJ7NuNs9nyj8Thoh1kbu","spotify:artist:6AiX12wXdXFoGJ2vk8zBjy","spotify:artist:0L5GV6LN8SWWUWIdBbTLTZ","spotify:artist:5VVN3xZw1i2qihfITZlvCZ","spotify:artist:0oOet2f43PA68X5RxKobEy"],"tracks_long_term":["spotify:track:3fkhql0XTP4SCLyl5CmxYy","spotify:track:5upmbnXemLfPvs3d2eyHml","spotify:track:1AXQ4ZCUueIfGGEYAdq9Pe","spotify:track:4MSUssjrqzynEmjwQCsS61","spotify:track:2PalXcmFbSijcB2PSz7PNM","spotify:track:1U2rshT6L40QNPbHi7d63p","spotify:track:2ja2PzXyoALHqzLmEIArUB","spotify:track:13wIQbwSuQ4YFvDvtQgSVc","spotify:track:6GBn7HwE7SBqVKzdCPeheI","spotify:track:61fXT6uwJ2THPkbmxa65OI"],"tracks_medium_term":["spotify:track:3fkhql0XTP4SCLyl5CmxYy","spotify:track:5upmbnXemLfPvs3d2eyHml","spotify:track:1AXQ4ZCUueIfGGEYAdq9Pe","spotify:track:4MSUssjrqzynEmjwQCsS61","spotify:track:2PalXcmFbSijcB2PSz7PNM","spotify:track:1U2rshT6L40QNPbHi7d63p","spotify:track:2ja2PzXyoALHqzLmEIArUB","spotify:track:13wIQbwSuQ4YFvDvtQgSVc","spotify:track:6GBn7HwE7SBqVKzdCPeheI","spotify:track:61fXT6uwJ2THPkbmxa65OI"],"artists_long_term":["spotify:artist:1mYsTxnqsietFxj1OgoGbG","spotify:artist:4zCH9qm4R2DADamUHMCa6O","spotify:artist:7qjJw7ZM2ekDSahLXPjIlN","spotify:artist:29aw5YCdIw2FEXYyAJZI8l","spotify:artist:2ae6PxICSOZHvjqiCcgon8","spotify:artist:2NoJ7NuNs9nyj8Thoh1kbu","spotify:artist:6AiX12wXdXFoGJ2vk8zBjy","spotify:artist:0L5GV6LN8SWWUWIdBbTLTZ","spotify:artist:5VVN3xZw1i2qihfITZlvCZ","spotify:artist:0oOet2f43PA68X5RxKobEy"]},"chosen_tracks":["spotify:track:0Xm3PXjA4kXu2GxBhkLk61","spotify:track:2dnAqKYsZRuNVOJ9OVH7Ov","spotify:track:0qvoxfYodIfe14gaidhnsV","spotify:track:6kekHWEQ4SyMe5EjYAlveP","spotify:track:4xd8fO9NUlWWrEH2dTo3ma","spotify:track:3KD82UwQKkD3wg1uwH9Y3L","spotify:track:5h5jgfkYcU92Tt7bHT5Jgx","spotify:track:3vxy9D4qd7TO4j6Gi2zmXo","spotify:track:3LoBNASTqqjTGclD8OG4wH","spotify:track:3j9DrRebdWK1jkpOw9FZUy"],"feedback":"Some of my favourite tamil regional songs some of them are melody and pop rock which help me relax and gives me motivation. Do listen and enjoy."}