{"user_id":"456498e44a031170aaf2a6e333fdca4d","top_tracks":{"artists_short_term":["spotify:artist:7vk5e3vY1uw9plTHJAMwjN","spotify:artist:0HlxL5hisLf59ETEPM3cUA","spotify:artist:6OXILsPD4WNJ7XiGMAkCWa","spotify:artist:64nmRMOeL6ct23IGkfBlml","spotify:artist:54R6Y0I7jGUCveDTtI21nb","spotify:artist:5WUlDfRSoLAfcVSX1WnrxN","spotify:artist:1eMmoIprPDWeFdB1FxU6ZV","spotify:artist:23fqKkggKUBHNkbKtXEls4","spotify:artist:1Cs0zKBU1kc0i8ypK3B9ai","spotify:artist:60d24wfXkVzDSfLS6hyCjZ"],"tracks_short_term":["spotify:track:0bMbDctzMmTyK2j74j3nF3","spotify:track:6SRWhUJcD2YKahCwHavz3X","spotify:track:0lks2Kt9veMOFEAPN0fsqN","spotify:track:1HvCFAUIWQsWV9zud3UhDl","spotify:track:2mqK3BMn7j0qa9OTWDDxG0","spotify:track:4acnEq6lTWuKpUKPw0ly0Y","spotify:track:1PiiyW0jpA3vvAX6CzxFuA","spotify:track:6g1VQsGGteeFbJm4IEn3N4","spotify:track:3LlmKSHR3Rs0Y3KHQLAYDk","spotify:track:5k8kM7FMh07pr7R97VR7SY"],"tracks_medium_term":["spotify:track:6TNK1SFt77MvTFoiTloiFQ","spotify:track:4gK4g9BSjc0s8oF8nlUbJ9","spotify:track:2WyRfGeHo97VC5mP1BBSzr","spotify:track:6faQTmZAUe10DULn6Bz54M","spotify:track:0w75KG0DuLDi6tdHmEMovD","spotify:track:0U6bQIAh6MCGo1xjbIIx2S","spotify:track:2mqK3BMn7j0qa9OTWDDxG0","spotify:track:4hPpVbbakQNv8YTHYaOJP4","spotify:track:3cR5ZtQ4JqGj4VHBb1gvFf","spotify:track:2DLqygtisuvhIUeV3aKJSe"],"artists_long_term":["spotify:artist:0HlxL5hisLf59ETEPM3cUA","spotify:artist:69GGBxA162lTqCwzJG5jLp","spotify:artist:7jZM5w05mGhw6wTB1okhD9","spotify:artist:6OXILsPD4WNJ7XiGMAkCWa","spotify:artist:64nmRMOeL6ct23IGkfBlml","spotify:artist:1vCWHaC5f2uS3yhpwWbIA6","spotify:artist:53I4RAzuXWvaO1vzrCBJbD","spotify:artist:1Cs0zKBU1kc0i8ypK3B9ai","spotify:artist:1KCSPY1glIKqW2TotWuXOR","spotify:artist:7vk5e3vY1uw9plTHJAMwjN"],"artists_medium_term":["spotify:artist:69GGBxA162lTqCwzJG5jLp","spotify:artist:7jZM5w05mGhw6wTB1okhD9","spotify:artist:6OXILsPD4WNJ7XiGMAkCWa","spotify:artist:0HlxL5hisLf59ETEPM3cUA","spotify:artist:64nmRMOeL6ct23IGkfBlml","spotify:artist:53I4RAzuXWvaO1vzrCBJbD","spotify:artist:1KCSPY1glIKqW2TotWuXOR","spotify:artist:7vk5e3vY1uw9plTHJAMwjN","spotify:artist:0SfsnGyD8FpIN4U4WCkBZ5","spotify:artist:0TnOYISbd1XYRBk9myaseg"],"tracks_long_term":["spotify:track:6TNK1SFt77MvTFoiTloiFQ","spotify:track:3cR5ZtQ4JqGj4VHBb1gvFf","spotify:track:34m69Q5xrI67xUM8MHFWeK","spotify:track:0YVrnjrur5YxyDzJnXbz0V","spotify:track:4gK4g9BSjc0s8oF8nlUbJ9","spotify:track:4EYpUo1xhDRdburHyvAyEm","spotify:track:5fK0Q3j2iUcQtiRDXlPW0K","spotify:track:2WyRfGeHo97VC5mP1BBSzr","spotify:track:0VQUyufAldw4Eitv71TPmg","spotify:track:2OSsMwCiZPC44tJ4OPVSZF"]},"chosen_tracks":["spotify:track:4h8VwCb1MTGoLKueQ1WgbD","spotify:track:5Xhqh4lwJPtMUTsdBztN1a","spotify:track:3ZFTkvIE7kyPt6Nu3PEa7V","spotify:track:3cR5ZtQ4JqGj4VHBb1gvFf","spotify:track:0U6bQIAh6MCGo1xjbIIx2S","spotify:track:6jjlYmSHWFv62PmwOv6gRR","spotify:track:6vVFqMUDG316z5EXYHs7fE","spotify:track:3vs3YW4BlzCmzdBP85opGo","spotify:track:1pjvlYOMIg1NhGQbM6iwrY","spotify:track:7LHrwoTDiASsfXm58OGirc"],"feedback":"Songs that are on replay !"}