{"user_id":"4ff7aa42ac5be833b06d6edb9bb4a937","top_tracks":{"artists_short_term":["spotify:artist:2VYQTNDsvvKN9wmU5W7xpj","spotify:artist:6H1RjVyNruCmrBEWRbD0VZ","spotify:artist:74aLweE8FHHf4yN5TWv1GM","spotify:artist:0k17h0D3J5VfsdmQ1iZtE9","spotify:artist:3EhbVgyfGd7HkpsagwL9GS","spotify:artist:5EHvXKnNz78jkAVgTQLQ5O","spotify:artist:1MK0sGeyTNkbefYGj673e9","spotify:artist:27T030eWyCQRmDyuvr1kxY","spotify:artist:05fG473iIaoy82BF1aGhL8","spotify:artist:7o6cOczXTB8ioTAAJTbESf"],"tracks_short_term":["spotify:track:6M69lSKKH2id01UXyp7Vk9","spotify:track:1eVYwIlxbOgSiiD0uvEhSy","spotify:track:4h7KTxO9eS389M2qG3jm6O","spotify:track:3KmNFfvM2EyGdNPwDDJCp7","spotify:track:0FkcmHJOsWE80rlpzfT0Pq","spotify:track:6TeFG5QolOlRnC8i5a1u0t","spotify:track:7iEVmnzJr1V7duYKPWplzp","spotify:track:7Fg4jpwpkdkGCvq1rrXnvx","spotify:track:7rPzEczIS574IgPaiPieS3","spotify:track:5XenUjG7cRnTkUe8AVuuMX"],"tracks_medium_term":["spotify:track:5t8NXa2fugcTPsTfhVILmS","spotify:track:2NA0yisSiX8E7g2yjozNqH","spotify:track:5xn7yoVjzF5AGl7wddsqBF","spotify:track:2PFIZFcGry0po3ZfRZkzKc","spotify:track:6TeFG5QolOlRnC8i5a1u0t","spotify:track:7iEVmnzJr1V7duYKPWplzp","spotify:track:4GbVDG1NFH1kzqCHRCFj5D","spotify:track:4BAhIRDG9GNeMvcigDKF7L","spotify:track:4IDL9e9IGjyPfdPEU3byiP","spotify:track:7baXv59kIkpMSK3Y3uyQHJ"],"artists_medium_term":["spotify:artist:6H1RjVyNruCmrBEWRbD0VZ","spotify:artist:7o6cOczXTB8ioTAAJTbESf","spotify:artist:0zfT626RwO6zN3RDYeRit5","spotify:artist:3UbyYnvNIT5DFXU4WgiGpP","spotify:artist:5EHvXKnNz78jkAVgTQLQ5O","spotify:artist:2VYQTNDsvvKN9wmU5W7xpj","spotify:artist:0k17h0D3J5VfsdmQ1iZtE9","spotify:artist:3EhbVgyfGd7HkpsagwL9GS","spotify:artist:2cnMpRsOVqtPMfq7YiFE6K","spotify:artist:3qm84nBOXUEQ2vnTfUTTFC"],"artists_long_term":["spotify:artist:5EHvXKnNz78jkAVgTQLQ5O","spotify:artist:2cnMpRsOVqtPMfq7YiFE6K","spotify:artist:57ylwQTnFnIhJh4nu4rxCs","spotify:artist:3UbyYnvNIT5DFXU4WgiGpP","spotify:artist:6ZLTlhejhndI4Rh53vYhrY","spotify:artist:3l02WF362j1oHOurzuseBv","spotify:artist:2ye2Wgw4gimLv2eAKyk1NB","spotify:artist:32Jb1X3wSmmoHj2epZReZA","spotify:artist:1Yox196W7bzVNZI7RBaPnf","spotify:artist:1MK0sGeyTNkbefYGj673e9"],"tracks_long_term":["spotify:track:6NeUmwrvmkIuTO9dh3qOwT","spotify:track:6fybp4N6eW3bsFAvARxyVe","spotify:track:0BbYq7gFsAyuJncjLOKB3p","spotify:track:57WyFtg2O7OKq7pbfjPcee","spotify:track:2b9lp5A6CqSzwOrBfAFhof","spotify:track:0qgrrDnUUhyxpxbBznUnzg","spotify:track:06TY7FCbeT7Lu39oZ0IEsN","spotify:track:4UmehW6tTXGC7HsuIGujMR","spotify:track:4HlVUapocBDBqkPtET2knz","spotify:track:4eZDMbQm12jmaTFT6fOBwo"]},"chosen_tracks":["spotify:track:2PFIZFcGry0po3ZfRZkzKc","spotify:track:2NA0yisSiX8E7g2yjozNqH","spotify:track:7AtwQRLPdttsxcLM5tPL0t","spotify:track:0hLQWHwB6GZlkASpS7DkdW","spotify:track:1bKQ48M9onID2kbSpRy8kK","spotify:track:1yYr4D1KjhhyDD5bZIiFQy","spotify:track:5yDJpu0xh0d1w13gXaE3lS","spotify:track:0UXaslpoA81no74N7U56U9","spotify:track:4HlVUapocBDBqkPtET2knz","spotify:track:6NeUmwrvmkIuTO9dh3qOwT"],"feedback":""}