{"user_id":"517cf8f4843eba722357c509337d5b64","top_tracks":{"artists_short_term":["spotify:artist:4LLpKhyESsyAXpc4laK94U","spotify:artist:42pWilgI9MEZARoTtGHNR4","spotify:artist:7dGJo4pcD2V6oG8kP0tJRR","spotify:artist:3WrFJ7ztbogyGnTHbHJFl2","spotify:artist:5j4HeCoUlzhfWtjAfM1acR","spotify:artist:4DSNcg40nf6T3eNAObq1Lo","spotify:artist:02WQ3uYpJNgznKVcqWCc6I","spotify:artist:2sqrupqcoipb7UzVKApEnJ","spotify:artist:1C62FV9Cltn9L4c9jAwCyk","spotify:artist:6e0QWfEFmK6AguLy02mlqi"],"artists_long_term":["spotify:artist:6wWVKhxIU2cEi0K81v7HvP","spotify:artist:2Sm4rGKWBnOQhdqDy4JJh0","spotify:artist:5274obTQJjzjyycRyJlfml","spotify:artist:4Z9zaQ8l8EbHdZPwaP691h","spotify:artist:4LLpKhyESsyAXpc4laK94U","spotify:artist:7dGJo4pcD2V6oG8kP0tJRR","spotify:artist:42pWilgI9MEZARoTtGHNR4","spotify:artist:6e0QWfEFmK6AguLy02mlqi","spotify:artist:1bPBx2qbpWzEoLujeHC3G7","spotify:artist:3W4Pu5O6QhIU3I9fO8wpUZ"],"tracks_short_term":["spotify:track:0TI8TP4FitVPoEHPTySx48","spotify:track:5C9Ezv6IUMs7t9VxxizKgW","spotify:track:6hwQ69v7VbPhTTR2fOtYX7","spotify:track:4anzVbFPUuZTw0KQeZ0qnu","spotify:track:1tZbQhl3jPV2KhGb0CwqSD","spotify:track:3AoODWFmosarxlZnX2dyOe","spotify:track:47EqCQZG5v4o0WFMufGf5S","spotify:track:5WoM2i48QDkHOLfKqrbeZL","spotify:track:6dmPINumE15hoBAUT8ZVDy","spotify:track:6dVIFZ8zFHpXyxcdeIb1j1"],"tracks_long_term":["spotify:track:60NOXYJb0vMxWNBiZz5MXy","spotify:track:2bPGTMB5sFfFYQ2YvSmup0","spotify:track:3zb8BHcJCiykzhYUzUjHY1","spotify:track:2h423mxiCIELj4DuQ2pre9","spotify:track:2iFgHPoa7FNHwgLnjXzu7F","spotify:track:4xCaSCk1DzUla9sD8c1hPH","spotify:track:3d3k8g4GTVx9EFIFlOZOEX","spotify:track:60L4EAa2omJlchSeKjRbK3","spotify:track:1UZs9dauJnxrqYxMIzxnwC","spotify:track:4BbxpJNgY2Lb404LMf7XZt"],"tracks_medium_term":["spotify:track:60NOXYJb0vMxWNBiZz5MXy","spotify:track:2bPGTMB5sFfFYQ2YvSmup0","spotify:track:3zb8BHcJCiykzhYUzUjHY1","spotify:track:2h423mxiCIELj4DuQ2pre9","spotify:track:2iFgHPoa7FNHwgLnjXzu7F","spotify:track:4xCaSCk1DzUla9sD8c1hPH","spotify:track:3d3k8g4GTVx9EFIFlOZOEX","spotify:track:60L4EAa2omJlchSeKjRbK3","spotify:track:1UZs9dauJnxrqYxMIzxnwC","spotify:track:4BbxpJNgY2Lb404LMf7XZt"],"artists_medium_term":["spotify:artist:6wWVKhxIU2cEi0K81v7HvP","spotify:artist:2Sm4rGKWBnOQhdqDy4JJh0","spotify:artist:5274obTQJjzjyycRyJlfml","spotify:artist:4Z9zaQ8l8EbHdZPwaP691h","spotify:artist:4LLpKhyESsyAXpc4laK94U","spotify:artist:7dGJo4pcD2V6oG8kP0tJRR","spotify:artist:42pWilgI9MEZARoTtGHNR4","spotify:artist:6e0QWfEFmK6AguLy02mlqi","spotify:artist:1bPBx2qbpWzEoLujeHC3G7","spotify:artist:3W4Pu5O6QhIU3I9fO8wpUZ"]},"chosen_tracks":["spotify:track:5R5mJezbWNqlVvRip6oEfd","spotify:track:395MGFmkMb5ouA5COkOKnw","spotify:track:04iBZReCtcwSukurNugKSN","spotify:track:60NOXYJb0vMxWNBiZz5MXy","spotify:track:4xkOaSrkexMciUUogZKVTS","spotify:track:3sVZWUe85SxbpSIDC7VtzA","spotify:track:18R1URaAGiJOHVC8Jjx8xF"],"feedback":""}