{"user_id":"53e10f18b52a027dbf80a4f7164e512d","top_tracks":{"artists_short_term":["spotify:artist:6W5uA6CNMf3hd2j4a2XWCx","spotify:artist:37ioGUZGhKk7VjWIocx8kM","spotify:artist:7DUTsWY3RBd64vh8UtgtYA","spotify:artist:7JMwO9tyFPMsb2KnsJqZlp","spotify:artist:5j4HeCoUlzhfWtjAfM1acR","spotify:artist:0GgY7hjMoGDsX8ZDe2mwds","spotify:artist:1wFoE1RwBMWoWkXcFrCgsx","spotify:artist:3Isy6kedDrgPYoTS1dazA9","spotify:artist:3egWSWp7Y4FyCKIyvXbw7L","spotify:artist:6M6XXCcO5gI68XpIlrUL3Z"],"tracks_short_term":["spotify:track:7e0p8kXVMElYjVfbF0WLIK","spotify:track:1UozIJsPRJVXDRG08AgUQP","spotify:track:796IKYYryVu3Qc4Q4HXLbI","spotify:track:2YBGCeURvS5b5JhJzx92UE","spotify:track:78qd8dvwea0Gosb6Fe6j3k","spotify:track:74gvfUeukgShMIZ2FH3PTc","spotify:track:0vweNYeRPON18eHikCdtkz","spotify:track:6alIH9pO3MTVW56AzSuDGj","spotify:track:3MtF5uODmtvy5ZR5rqTvG4","spotify:track:0MwiUye77v0kUYEKfI9Fcs"],"artists_medium_term":["spotify:artist:6W5uA6CNMf3hd2j4a2XWCx","spotify:artist:37ioGUZGhKk7VjWIocx8kM","spotify:artist:7DUTsWY3RBd64vh8UtgtYA","spotify:artist:7ltDVBr6mKbRvohxheJ9h1","spotify:artist:4obzFoKoKRHIphyHzJ35G3","spotify:artist:3NH8t45zOTqzlZgBvZRjvB","spotify:artist:0GgY7hjMoGDsX8ZDe2mwds","spotify:artist:0Jsk5iYMr5aNjHury7blm1","spotify:artist:0hCNtLu0JehylgoiP8L4Gh","spotify:artist:3egWSWp7Y4FyCKIyvXbw7L"],"tracks_medium_term":["spotify:track:3hdrAVi3HW2ZfUX18QOUYY","spotify:track:1N3rf6ZFzb8NPYeLCmgzj7","spotify:track:0SLPC1BmbeBEMMj03x8rpJ","spotify:track:3R9rvUUz29qGQbAoXir2t3","spotify:track:0k8ctpPrzG64ValZUVJmbF","spotify:track:6OsqTyesS9pc7pYPCFhlmv","spotify:track:64ywW2yPngfh9wx0QkJde8","spotify:track:7e0p8kXVMElYjVfbF0WLIK","spotify:track:5eatybp5sDSEsqeZcRuoog","spotify:track:1UozIJsPRJVXDRG08AgUQP"],"artists_long_term":["spotify:artist:6W5uA6CNMf3hd2j4a2XWCx","spotify:artist:37ioGUZGhKk7VjWIocx8kM","spotify:artist:7DUTsWY3RBd64vh8UtgtYA","spotify:artist:6l3HvQ5sa6mXTsMTB19rO5","spotify:artist:7ltDVBr6mKbRvohxheJ9h1","spotify:artist:3KedxarmBCyFBevnqQHy3P","spotify:artist:3NH8t45zOTqzlZgBvZRjvB","spotify:artist:1r4hJ1h58CWwUQe3MxPuau","spotify:artist:0GgY7hjMoGDsX8ZDe2mwds","spotify:artist:0HDMwoCS316xhKCZlJPBnc"],"tracks_long_term":["spotify:track:0jPloz3ESqCi0Hevisdki8","spotify:track:7gX2hqFLQKjiJwK8gZVofe","spotify:track:3hdrAVi3HW2ZfUX18QOUYY","spotify:track:456xBIOmLRoLzCvCzZrWge","spotify:track:1N3rf6ZFzb8NPYeLCmgzj7","spotify:track:5lCxlSBFyP5g4EhVypAoOu","spotify:track:6dZDBFRYElQx4DY1q62r30","spotify:track:0SLPC1BmbeBEMMj03x8rpJ","spotify:track:7CF1huK3rloG4qZhp9ruor","spotify:track:3R9rvUUz29qGQbAoXir2t3"]},"chosen_tracks":["spotify:track:0k8ctpPrzG64ValZUVJmbF","spotify:track:78qd8dvwea0Gosb6Fe6j3k","spotify:track:7DuqCAxfOEKBfQgrnWfHrh","spotify:track:6vWPBJvH1NdMvjsXWTDtjh","spotify:track:5lCxlSBFyP5g4EhVypAoOu","spotify:track:0chyiTAR0eWdVSWoQaCnrr","spotify:track:2dfacuJbzzSEwWRzMy1Xvl","spotify:track:74gvfUeukgShMIZ2FH3PTc","spotify:track:0MwiUye77v0kUYEKfI9Fcs","spotify:track:1xZA0qvWfCcsNlzZXmCnJh"],"feedback":""}