{"user_id":"56f5b3516beb8738d9f4ddcdb0eeb1b9","top_tracks":{"artists_short_term":["spotify:artist:3o2dn2O0FCVsWDFSh8qxgG","spotify:artist:57DlMWmbVIf2ssJ8QBpBau","spotify:artist:7biIlpW0y5KqYIehTQz1wz"],"tracks_medium_term":["spotify:track:4Fq25CQbfpEKwi9GdbGQmA","spotify:track:3Cx4yrFaX8CeHwBMReOWXI","spotify:track:2HHtWyy5CgaQbC7XSoOb0e","spotify:track:2aL4Dr516WsEswstjfnyYr","spotify:track:7rdhLgsREljoNLmeyxkb2V","spotify:track:5AKnUqag3WeX8KFo0L5HzJ","spotify:track:40NRm1ZLvZpUSCUXAGGZ8J","spotify:track:4RXpgGM7A4Hg7cFBoH5KyF","spotify:track:5T8EDUDqKcs6OSOwEsfqG7","spotify:track:0xeDaa5RD48c59YGHim78S"],"tracks_long_term":["spotify:track:4Fq25CQbfpEKwi9GdbGQmA","spotify:track:3Cx4yrFaX8CeHwBMReOWXI","spotify:track:2HHtWyy5CgaQbC7XSoOb0e","spotify:track:2aL4Dr516WsEswstjfnyYr","spotify:track:7rdhLgsREljoNLmeyxkb2V","spotify:track:5AKnUqag3WeX8KFo0L5HzJ","spotify:track:40NRm1ZLvZpUSCUXAGGZ8J","spotify:track:4RXpgGM7A4Hg7cFBoH5KyF","spotify:track:5T8EDUDqKcs6OSOwEsfqG7","spotify:track:0xeDaa5RD48c59YGHim78S"],"tracks_short_term":["spotify:track:4T0MM03Cg6eAMWbTEfWOXp","spotify:track:4Fq25CQbfpEKwi9GdbGQmA","spotify:track:6KmKO2QkboWdT3vbxLWuWG","spotify:track:7rdhLgsREljoNLmeyxkb2V","spotify:track:3Cx4yrFaX8CeHwBMReOWXI","spotify:track:2HHtWyy5CgaQbC7XSoOb0e","spotify:track:4DYUQ4YZAXCToLkeMxWAvf","spotify:track:4u7EnebtmKWzUH433cf5Qv","spotify:track:0xeDaa5RD48c59YGHim78S","spotify:track:4RXpgGM7A4Hg7cFBoH5KyF"],"artists_long_term":["spotify:artist:3o2dn2O0FCVsWDFSh8qxgG","spotify:artist:57DlMWmbVIf2ssJ8QBpBau","spotify:artist:7biIlpW0y5KqYIehTQz1wz","spotify:artist:5rn3BUzOWjGGWkCSHQsADZ","spotify:artist:4tZwfgrHOc3mvqYlEYSvVi","spotify:artist:0B7Y5KDNScTBzeN7DY74YG","spotify:artist:2kQ4uyd7WPQI9xcmeZbI0G","spotify:artist:3OKg7YbOIatODzkRIbLJR4","spotify:artist:72N7tHkeEBWSedHqPUGXhy"],"artists_medium_term":["spotify:artist:3o2dn2O0FCVsWDFSh8qxgG","spotify:artist:57DlMWmbVIf2ssJ8QBpBau","spotify:artist:7biIlpW0y5KqYIehTQz1wz","spotify:artist:5rn3BUzOWjGGWkCSHQsADZ","spotify:artist:4tZwfgrHOc3mvqYlEYSvVi","spotify:artist:0B7Y5KDNScTBzeN7DY74YG","spotify:artist:2kQ4uyd7WPQI9xcmeZbI0G","spotify:artist:3OKg7YbOIatODzkRIbLJR4","spotify:artist:72N7tHkeEBWSedHqPUGXhy"]},"chosen_tracks":["spotify:track:1h2ClEBOUPguk20bZBB1TX","spotify:track:2VS1jveuhfU7Latlgfh62T","spotify:track:0bUgTRe5st6TMbRCEjKezX","spotify:track:4u7EnebtmKWzUH433cf5Qv","spotify:track:0xeDaa5RD48c59YGHim78S","spotify:track:7rdhLgsREljoNLmeyxkb2V","spotify:track:4f4ZU2HRxvPXSrxj5uGKCs","spotify:track:6TfBA04WJ3X1d1wXhaCFVT","spotify:track:6WGfFSAlpAmX9MkJISNE2z","spotify:track:3DamFFqW32WihKkTVlwTYQ"],"feedback":""}