{"user_id":"583e9b5a029d6180bd0c2dfad13226bd","top_tracks":{"artists_short_term":["spotify:artist:2aaLAng2L2aWD2FClzwiep","spotify:artist:2Hkut4rAAyrQxRdof7FVJq","spotify:artist:1fAFVmxFjwB872XsEUomIK","spotify:artist:1luumZojARx0L3spmNwEgl","spotify:artist:4gzpq5DPGxSnKTe4SA8HAU","spotify:artist:1xUhNgw4eJDZfvumIpcz1B","spotify:artist:5M52tdBnJaKSvOpJGz8mfZ","spotify:artist:0gXx2aQ2mfovDfqCw10MQC","spotify:artist:49DW3KvkyjHO35mK1JnSyS","spotify:artist:2d0hyoQ5ynDBnkvAbJKORj"],"tracks_short_term":["spotify:track:5CPXR6lDTvngxtmMZxnWmC","spotify:track:1bVnRjdVprR6ZoT67DBxML","spotify:track:4jdEbvfD0u6tmOLgMKJYUg","spotify:track:2bBAAVvOHsr7vxWFTuYxH8","spotify:track:69kZsoRrSf7GBTSdJ4BjqA","spotify:track:6nRCTb5b0N5zp8WTeY6xFZ","spotify:track:0t8JoPmxcwsWXWcsflNKxk","spotify:track:7LaaIr1D8CjH1tc7ERTr8A","spotify:track:5dz43JZ6QteTXfAtmZbB2n","spotify:track:29ilPAd9VZBEOqBzeb7VAj"],"tracks_medium_term":["spotify:track:5CPXR6lDTvngxtmMZxnWmC","spotify:track:4jdEbvfD0u6tmOLgMKJYUg","spotify:track:00qcVGqRxXM74x98mB6VXy","spotify:track:2bBAAVvOHsr7vxWFTuYxH8","spotify:track:6nRCTb5b0N5zp8WTeY6xFZ","spotify:track:69kZsoRrSf7GBTSdJ4BjqA","spotify:track:2CRx925YeUuCmXnb76IGZb","spotify:track:0t8JoPmxcwsWXWcsflNKxk","spotify:track:1bVnRjdVprR6ZoT67DBxML","spotify:track:7LaaIr1D8CjH1tc7ERTr8A"],"artists_medium_term":["spotify:artist:2aaLAng2L2aWD2FClzwiep","spotify:artist:4YJsSCuag8W1TFTgSeEc2k","spotify:artist:3ZztVuWxHzNpl0THurTFCv","spotify:artist:2Hkut4rAAyrQxRdof7FVJq","spotify:artist:0b7df8SeNFCgnJj5Wjg5c8","spotify:artist:2YVF0Ou5zIc4mpgtLIlGN0","spotify:artist:5M52tdBnJaKSvOpJGz8mfZ","spotify:artist:1PH7LtTLFyoZUEa7B64pws","spotify:artist:7BGR8y1VZAWK2oR4zD9COr","spotify:artist:3Hrqjumb6WHg2aAUHJHLND"],"tracks_long_term":["spotify:track:7ipGvvE90ROUNFw7ZBXBTO","spotify:track:5U6FLERTCtCgLUXU4XsIf5","spotify:track:1WD6TkIQ3ylzZPHJZeOyWH","spotify:track:2CRx925YeUuCmXnb76IGZb","spotify:track:6GAfHTSmtbXmGt7KjIJkWi","spotify:track:2vak91y1VICVF2VTH8KZl8","spotify:track:5b9fy0wOl589N1Va18AMWV","spotify:track:1ap9bfUPXyFTh5NEDlXoAd","spotify:track:3RFgL3GXieSVjb8trXceP6","spotify:track:2Nq9cw839Rz6zLxGYP1YaR"],"artists_long_term":["spotify:artist:4YJsSCuag8W1TFTgSeEc2k","spotify:artist:6kHqXdtT1ojaXisSUA4mby","spotify:artist:44Z5ZP2F1omniNpGEdNDdt","spotify:artist:2aaLAng2L2aWD2FClzwiep","spotify:artist:4zvLVP1siaenGVnUBDo2nt","spotify:artist:6OqmKFaRcw0f23m5PQ9CrL","spotify:artist:6EqFMCnVGBRNmwPlk2f3Uc","spotify:artist:1y8J5aIxD71qcUwL7hBUSA","spotify:artist:7fMhppMTr3ElTOEJqSbkEq","spotify:artist:2nAUHbKI7TZShUwFpk6G08"]},"chosen_tracks":["spotify:track:0W35nxtHtFlseSojmygEsf","spotify:track:6QRQd3I52HHXy59OWAqKNa","spotify:track:0t8JoPmxcwsWXWcsflNKxk","spotify:track:4jdEbvfD0u6tmOLgMKJYUg","spotify:track:4HsSggrdE25fiP90KXHRFj"],"feedback":""}