{"user_id":"6258ec9976be8d234e443d2ddd893bf2","top_tracks":{"artists_short_term":["spotify:artist:4UXqAaa6dQYAk18Lv7PEgX","spotify:artist:6yhD1KjhLxIETFF7vIRf8B","spotify:artist:7jefIIksOi1EazgRTfW2Pk","spotify:artist:3YQKmKGau1PzlVlkL1iodx","spotify:artist:53XhwfbYqKCa1cC15pYq2q","spotify:artist:3erL8NEQbmmOXhO6yyVWxO","spotify:artist:77yY2QmM6bYvjJ3y5L2R0v","spotify:artist:0UQ0RWEEfYZYDzbACuhIhM","spotify:artist:3Rwlus4QnnBSnTe8pJV0rw"],"tracks_short_term":["spotify:track:1zV75d6SpJ0SUo08TWNSc2","spotify:track:2NjhV99ncY4A5lSkTHvTtU","spotify:track:39q7xibBdRboeMKUbZEB6g","spotify:track:3bmxsQVFi8k7qfM5ULU8Me","spotify:track:3oqYMRKQcwyNmFn1VD2ukD","spotify:track:3tRv4ZYZimrL27flnjgeR6","spotify:track:4FSgstAJAVWoMBe660HWn7","spotify:track:7Itd8eCaUVtRelPuCkXYhS","spotify:track:2vTaJoK6kaRnwsAPn66STg","spotify:track:1tm4Bl2E5RwTevOiBs4gtH"],"artists_medium_term":["spotify:artist:3YQKmKGau1PzlVlkL1iodx","spotify:artist:4UXqAaa6dQYAk18Lv7PEgX","spotify:artist:53XhwfbYqKCa1cC15pYq2q","spotify:artist:7jefIIksOi1EazgRTfW2Pk","spotify:artist:2NqeFgy0ual6Abk5hd0xxi","spotify:artist:6yhD1KjhLxIETFF7vIRf8B","spotify:artist:7sOR7gk6XUlGnxj3p9F54k","spotify:artist:7IiSLreTg1of8dDwxwiPw3","spotify:artist:3MUnAJMKx97SfTZYNB2iXY","spotify:artist:0wnYgCeP013HkKoOyC5V32"],"tracks_medium_term":["spotify:track:4VgEM12OeaN3GyBV487Me7","spotify:track:6ocbgoVGwYJhOv1GgI9NsF","spotify:track:2XTkpF9T2PKvcLgamGJGx1","spotify:track:2vTaJoK6kaRnwsAPn66STg","spotify:track:5tIU2OynGDLyUPNdJuiQUL","spotify:track:5NyA9sbbbRbjBeoJqFw1th","spotify:track:0BxE4FqsDD1Ot4YuBXwAPp","spotify:track:3oqYMRKQcwyNmFn1VD2ukD","spotify:track:4FSgstAJAVWoMBe660HWn7","spotify:track:4ixnY07lxMziatNqonUB8d"],"artists_long_term":["spotify:artist:53XhwfbYqKCa1cC15pYq2q","spotify:artist:3YQKmKGau1PzlVlkL1iodx","spotify:artist:4UXqAaa6dQYAk18Lv7PEgX","spotify:artist:7jefIIksOi1EazgRTfW2Pk","spotify:artist:7IiSLreTg1of8dDwxwiPw3","spotify:artist:6yhD1KjhLxIETFF7vIRf8B","spotify:artist:2NqeFgy0ual6Abk5hd0xxi","spotify:artist:1f5GqyOPo0CkotzzRwviBu","spotify:artist:0L8ExT028jH3ddEcZwqJJ5","spotify:artist:2pqd3HsfsvcBGtHvPOg6eg"],"tracks_long_term":["spotify:track:01vv2AjxgP4uUyb8waYO5Y","spotify:track:3pUTJPIxhaMMFKhiMnfi1R","spotify:track:2fUqJUxyEF2SvAp1qJUSFT","spotify:track:0hfByzDRgR10HDLqm89lA9","spotify:track:2nkoWsTZa8LKPNGdjI5uxj","spotify:track:0otIFwtEKqrDBGb3cvLRu4","spotify:track:5c5a2Ptu8eyIpljhQHjIqk","spotify:track:2XTkpF9T2PKvcLgamGJGx1","spotify:track:0psB5QzGb4653K0uaPgEyh","spotify:track:04aAxqtGp5pv12UXAg4pkq"]},"chosen_tracks":["spotify:track:5HeKOKc4phmLn8e4I7EkzD","spotify:track:1E1uGhNdBe6Dddbgs2KqtZ","spotify:track:3cfOd4CMv2snFaKAnMdnvK","spotify:track:6ZL81xHZNBRYM7MO3tiVTP","spotify:track:39q7xibBdRboeMKUbZEB6g"],"feedback":"A few songs I like, and a few songs I have stuck in my head often"}