{"user_id":"66151b5ab3901cd29a212e39a3f09b23","top_tracks":{"artists_short_term":["spotify:artist:2aaLAng2L2aWD2FClzwiep","spotify:artist:3zSA1rBeAHp5NFDR4Q9lyn","spotify:artist:165ZgPlLkK7bf5bDoFc6Sb","spotify:artist:0TJB3EE2efClsYIDQ8V2Jk","spotify:artist:46njgd2Rq9tZc4ZjeQMgbh","spotify:artist:0WwSkZ7LtFUFjGjMZBMt6T","spotify:artist:3csSQdDVhJlP3BUOoZ2N2H"],"artists_medium_term":["spotify:artist:2Hkut4rAAyrQxRdof7FVJq","spotify:artist:3csSQdDVhJlP3BUOoZ2N2H","spotify:artist:1dfeR4HaWDbWqFHLkxsg1d","spotify:artist:3zSA1rBeAHp5NFDR4Q9lyn","spotify:artist:0fvpn2k7FymYHxEx5U5FpP","spotify:artist:0hEurMDQu99nJRq8pTxO14","spotify:artist:2aaLAng2L2aWD2FClzwiep","spotify:artist:2gFsmDBM0hkoZPmrO5EdyO","spotify:artist:1eClJfHLoDI4rZe5HxzBFv","spotify:artist:1G1mX30GpUJqOr1QU2eBSs"],"tracks_short_term":["spotify:track:4fmNSmnh5hFOHZ1vXOEgvN","spotify:track:133OpaqyLR4GVdTrVztwvX","spotify:track:64nDBQ4PF0671GCChHU84z","spotify:track:7BrDCCqiUPhRrdqA1ZNasS","spotify:track:7MNAi4I7teNgzuVMe0HPZg","spotify:track:3OPLTZdl8fLbcuBVhy96FO","spotify:track:08Ng7tlQkh5FXwCbcQEYiR","spotify:track:0DZWegyHxcMAuiGcsKclPW","spotify:track:0Yj5etfl3TA7P3TgxsJgzm","spotify:track:0gNSfBSIQFFn5r1jCitCis"],"tracks_medium_term":["spotify:track:3QZ7uX97s82HFYSmQUAN1D","spotify:track:4e9hUiLsN4mx61ARosFi7p","spotify:track:7vzMMHqwJHbBQvkRwjdUgc","spotify:track:7xxZUTxxlkiFEMzL6lYXtF","spotify:track:2XwYeBzumtjxVbFWwhJpsy","spotify:track:4fmNSmnh5hFOHZ1vXOEgvN","spotify:track:0K6yUnIKNsFtfIpTgGtcHm","spotify:track:0Z0s6dw0zw2ENU1gVjlLV6","spotify:track:1CgGro1rXhkxs7LviofPyT","spotify:track:2B36scXmm2xG35ILOJMmxf"],"artists_long_term":["spotify:artist:1dfeR4HaWDbWqFHLkxsg1d","spotify:artist:09u8U2kk11NOZFLcNJEdJF","spotify:artist:4tNxq9NGKTKaX8OkZBLgf0","spotify:artist:3zSA1rBeAHp5NFDR4Q9lyn","spotify:artist:46njgd2Rq9tZc4ZjeQMgbh","spotify:artist:2cnMpRsOVqtPMfq7YiFE6K","spotify:artist:2Hkut4rAAyrQxRdof7FVJq","spotify:artist:08GQAI4eElDnROBrJRGE0X","spotify:artist:6g0Wah2YFtb1rFgKhUktlo","spotify:artist:19ra5tSw0tWufvUp8GotLo"],"tracks_long_term":["spotify:track:4P8qXnroR43S0xk0hmSbNs","spotify:track:3XTYgwvbBsNonoauUvZgo6","spotify:track:1A9pUk02mlUdVCcJ8W13hZ","spotify:track:2oxshd18lted91hiX1TeDw","spotify:track:0gb1J5UrTpzaU1s3nupgCd","spotify:track:2SNIMcTDV5EBPugSpwJkR1","spotify:track:293WQ0ZLUBSju6Pc4CCJbD","spotify:track:7soea2GoSb06JGwSqpnCn9","spotify:track:3pGIyZ9tSXxvZbb3lvPnPA","spotify:track:62ct4PDJDkT4r6jz1lflCC"]},"chosen_tracks":["spotify:track:4rDbp1vnvEhieiccprPMdI","spotify:track:4mLKx7zsUdyT4Ax7rI7KXu","spotify:track:2NrqjA3YUfNuZcmQzE2EJe","spotify:track:7vMS7xSaSUwpirgzD346Q6","spotify:track:1vlW2BAs05xfNidTfRItGw","spotify:track:4xjVfArXNQRxAvsUpjmfMt","spotify:track:2TjnCxxQRYn56Ye8gkUKiW","spotify:track:6PVa4pTYFPv2Sew9wLoyrz","spotify:track:4bjvLvKovcWqZwDbXT5QQX","spotify:track:1f5HnlEdhFu75uuLxDqi7l"],"feedback":""}