{"user_id":"66e0a9045c10870f62aa0e92a48b32f8","top_tracks":{"artists_short_term":["spotify:artist:2YOYua8FpudSEiB9s88IgQ","spotify:artist:66CXWjxzNUsdJxJ2JdwvnR","spotify:artist:0EeQBlQJFiAfJeVN2vT9s0","spotify:artist:1Xyo4u8uXC1ZmMpatF05PJ","spotify:artist:3nFkdlSjzX9mRTtwJOzDYB","spotify:artist:1XpDYCrUJnvCo9Ez6yeMWh","spotify:artist:3yJnBqAoRUNeDabdYoiYWD","spotify:artist:6wWVKhxIU2cEi0K81v7HvP","spotify:artist:246dkjvS1zLTtiykXe5h60","spotify:artist:0nmQIMXWTXfhgOBdNzhGOs"],"artists_medium_term":["spotify:artist:2YOYua8FpudSEiB9s88IgQ","spotify:artist:246dkjvS1zLTtiykXe5h60","spotify:artist:6wWVKhxIU2cEi0K81v7HvP","spotify:artist:7FBcuc1gsnv6Y1nwFtNRCb","spotify:artist:66CXWjxzNUsdJxJ2JdwvnR","spotify:artist:41X1TR6hrK8Q2ZCpp2EqCz","spotify:artist:3yJnBqAoRUNeDabdYoiYWD","spotify:artist:3nFkdlSjzX9mRTtwJOzDYB","spotify:artist:0EeQBlQJFiAfJeVN2vT9s0","spotify:artist:7jVv8c5Fj3E9VhNjxT4snq"],"tracks_short_term":["spotify:track:7BYppcUTuG5ysmaJlGSt3t","spotify:track:3Osd3Yf8K73aj4ySn6LrvK","spotify:track:7GdA9PnfWjCjcHLBPTCPzZ","spotify:track:2gZUPNdnz5Y45eiGxpHGSc","spotify:track:6cy3ki60hLwimwIje7tALf","spotify:track:78qd8dvwea0Gosb6Fe6j3k","spotify:track:18gNzobZV5YD8BhL8o3BTi","spotify:track:2zUbimuKNWDMCwbqNauLWV","spotify:track:5MLreTrtwv7fGyyAy0RyeB","spotify:track:6fIjnWrv46njJHLDAY2JdC"],"tracks_medium_term":["spotify:track:02TmyBZCgcVihv9PVK9Mw2","spotify:track:7BYppcUTuG5ysmaJlGSt3t","spotify:track:51Fjme0JiitpyXKuyQiCDo","spotify:track:3Osd3Yf8K73aj4ySn6LrvK","spotify:track:2gwkD6igEhQbDQegRCcdoB","spotify:track:0nbXyq5TXYPCO7pr3N8S4I","spotify:track:1tBZnhDT8xbgJTs43FiqrD","spotify:track:7j43FohbLVulScL7S9sQZk","spotify:track:4AD2dterIUjNt1LFNI9Bvi","spotify:track:1ku9v2nPDKK39L764uUlVI"],"tracks_long_term":["spotify:track:6MWtB6iiXyIwun0YzU6DFP","spotify:track:6VrCmhRBFnuGKmtNfk4jDs","spotify:track:3B54sVLJ402zGa6Xm4YGNe","spotify:track:5075foWfaIxJZr3hGMopXO","spotify:track:7wGoVu4Dady5GV0Sv4UIsx","spotify:track:09IOPhEh1OMe0HD9b36FJk","spotify:track:0uguTAc0yJY2vfmqiuYoob","spotify:track:5DLTuH4A5VZB2HKpqHQR6t","spotify:track:0e7ipj03S05BNilyu5bRzt","spotify:track:5mqzhMuUpvnMfwNz6iepmO"],"artists_long_term":["spotify:artist:246dkjvS1zLTtiykXe5h60","spotify:artist:6wWVKhxIU2cEi0K81v7HvP","spotify:artist:3yJnBqAoRUNeDabdYoiYWD","spotify:artist:66CXWjxzNUsdJxJ2JdwvnR","spotify:artist:6gzXCdfYfFe5XKhPKkYqxV","spotify:artist:3wyVrVrFCkukjdVIdirGVY","spotify:artist:5K4W6rqBFWDnAN6FQUkS6x","spotify:artist:2lbUjuMzHkT4qIECvk2f3L","spotify:artist:2YZyLoL8N0Wb9xBt1NhZWg","spotify:artist:3MZsBdqDrRTJihTHQrO6Dq"]},"chosen_tracks":["spotify:track:7BYppcUTuG5ysmaJlGSt3t","spotify:track:1BLfQ6dPXmuDrFmbdfW7Jl","spotify:track:2gwkD6igEhQbDQegRCcdoB","spotify:track:0t3ZvGKlmYmVsDzBJAXK8C","spotify:track:5075foWfaIxJZr3hGMopXO","spotify:track:0rUNZQuYQvOz6A6zwyT6tM","spotify:track:31UQz3ZHr3Pb01U2l5hoLY","spotify:track:3X0K6fII7VIwL1URPrp8Ko","spotify:track:7j43FohbLVulScL7S9sQZk","spotify:track:6dPyzkyZwoj9LqjQXOFdVv"],"feedback":""}