{"user_id":"675670b3ec66c40e16a8a7fe32ae9929","top_tracks":{"artists_short_term":["spotify:artist:41X1TR6hrK8Q2ZCpp2EqCz","spotify:artist:2YOYua8FpudSEiB9s88IgQ","spotify:artist:6d24kC5fxHFOSEAmjQPPhc","spotify:artist:5p9CTsn5ueGU4oScNX1axu","spotify:artist:1f5GqyOPo0CkotzzRwviBu","spotify:artist:1dfeR4HaWDbWqFHLkxsg1d"],"artists_medium_term":["spotify:artist:0pnd3MP2rxAzljR9AqXUJB","spotify:artist:1u7uShzlA1tXJeox3jMFPq","spotify:artist:41X1TR6hrK8Q2ZCpp2EqCz","spotify:artist:06nsZ3qSOYZ2hPVIMcr1IN","spotify:artist:00YTqRClk82aMchQQpYMd5","spotify:artist:1dfeR4HaWDbWqFHLkxsg1d","spotify:artist:2YOYua8FpudSEiB9s88IgQ","spotify:artist:5p9CTsn5ueGU4oScNX1axu","spotify:artist:3TOqt5oJwL9BE2NG9MEwDa","spotify:artist:44XzG6GoJZNtkIGW19hsUK"],"tracks_medium_term":["spotify:track:6vCSg0enp7kB9PMM9dZ0Zt","spotify:track:7BYppcUTuG5ysmaJlGSt3t","spotify:track:2EbBuRmV4Tea8qV3hmtuTk","spotify:track:4F4TGsDYacEbw4PLAIyJ2e","spotify:track:27vRHaujhhkA73O2VkdfFL","spotify:track:6bkzn3e9gtiP0xJTJnQ2eM","spotify:track:2KAXsRLc9LAZklPjm6cQ5y","spotify:track:3MZjOGeXhpHbQ9ESMNFFnH","spotify:track:2UBsYuww8OfW9wiwFumG71","spotify:track:0vRoDBwGIhVGWvkGwUAGa3"],"tracks_short_term":["spotify:track:46RVKt5Edm1zl0rXhPJZxz","spotify:track:00SiZEELZ0K4gkUl0rU529","spotify:track:4z5L0qDduw3w1apQ4Qa6KV","spotify:track:7BYppcUTuG5ysmaJlGSt3t","spotify:track:5X5w66oR8QlDrHDTWrEZeh","spotify:track:42E6UcdoJvsLXFWfdnmKGh","spotify:track:7JFDrixnNbpK5WKdpLx0BY","spotify:track:1CauBvI7HoHtVmCJK8z2fn","spotify:track:2Gok70nLuJVS24OPay7kGW","spotify:track:3VaJpVf2jc9by82sJDIKzy"],"artists_long_term":["spotify:artist:5p9CTsn5ueGU4oScNX1axu","spotify:artist:00YTqRClk82aMchQQpYMd5","spotify:artist:1dfeR4HaWDbWqFHLkxsg1d","spotify:artist:41X1TR6hrK8Q2ZCpp2EqCz","spotify:artist:3TOqt5oJwL9BE2NG9MEwDa","spotify:artist:6d24kC5fxHFOSEAmjQPPhc","spotify:artist:2ye2Wgw4gimLv2eAKyk1NB","spotify:artist:2WMIMX93pQyfyAF2J2r1ID","spotify:artist:1f5GqyOPo0CkotzzRwviBu","spotify:artist:6PAt558ZEZl0DmdXlnjMgD"],"tracks_long_term":["spotify:track:1ignAvXwmmsInX70smRjCl","spotify:track:4qyc1gXiMRs2tnon6A14DP","spotify:track:2xnIFEOXHXlzIyJN0itwBX","spotify:track:3FDXGOb5tEKhpuLyVEACxc","spotify:track:5lcqFkCiRvf7oxoIXXNUcp","spotify:track:26lMp7Ma26dCBhApdPeenT","spotify:track:22MQaNqXOkTUdg4rawaBCg","spotify:track:0182uWkvNqGEpsU2ogscao","spotify:track:2LwGnuXbjNMAxCUF35UtOx","spotify:track:5EJ5fTxfPeRyR9MseB5TD7"]},"chosen_tracks":["spotify:track:65UtSZvvGuX6iTBZ4vbrrT","spotify:track:00SiZEELZ0K4gkUl0rU529","spotify:track:3FSKJ4ESh6shQL2ojDk6hT","spotify:track:3cWr9taSdYFo74RJxaB13c","spotify:track:54eZmuggBFJbV7k248bTTt","spotify:track:37BTh5g05cxBIRYMbw8g2T","spotify:track:6bkzn3e9gtiP0xJTJnQ2eM","spotify:track:4VJJDOI6DZnv18B86r2OsB"],"feedback":"bangers!"}