{"user_id":"690c1697f3ddf1d56b271ef392b83a3a","top_tracks":{"tracks_medium_term":["spotify:track:0W3H9xFe8ppr9VG4yQzQKq","spotify:track:2R5PSsKaMvj0YI3S1xUiTG","spotify:track:3vEBUA9pIjxvy4aZ2Ms3f8","spotify:track:5hrjOJW0sVFqpV6isYQKAm","spotify:track:6M9HXJPEYpVGKm6J6tcr6T","spotify:track:6fEvXpQvuWuGo3eBSBLykD","spotify:track:7vvOGsCYBA30AF7l4t8cpG"],"tracks_long_term":["spotify:track:2CgOd0Lj5MuvOqzqdaAXtS","spotify:track:0ADFTcetf92fZfxmgwnF1Y","spotify:track:6GJXXCxNChjGjWS7rZ7PX6","spotify:track:21LveuPkANi5MJ1TwFbyGc","spotify:track:63TVmH2fC4DpbnH5o3p8qi","spotify:track:4inf6mZVhlOoAL3HQNZx6C","spotify:track:1DFnEeH1a4zUh4pIRzopEF","spotify:track:50rdn3WBWEzRLavq6tQD4K","spotify:track:4YMvlMYV3hD8emKCprfb4N","spotify:track:7u30E5hzOxF3liklKHKrVs"],"artists_long_term":["spotify:artist:5ZbRDyTYX4HhXveONcZQn2","spotify:artist:1x2YcZB1QpRZB3HT9gdUCQ","spotify:artist:07QEuhtrNmmZ0zEcqE9SF6","spotify:artist:26VFTg2z8YR0cCuwLzESi2","spotify:artist:0YC192cP3KPCRWx8zr8MfZ","spotify:artist:0Vb15td3iKkAzdGD5Sj9Ky","spotify:artist:5F1aoppMtU3OMiltO8ymJ2","spotify:artist:1DLKitfb8fshL0DtCecRpY","spotify:artist:6xN4Oeb97dtMCqnF8feupL","spotify:artist:1qLwXsUtyW2Ba2Iotg4gE3"]},"chosen_tracks":["spotify:track:63TVmH2fC4DpbnH5o3p8qi","spotify:track:50rdn3WBWEzRLavq6tQD4K","spotify:track:1rqqCSm0Qe4I9rUvWncaom","spotify:track:3Dv1eDb0MEgF93GpLXlucZ","spotify:track:0sf12qNH5qcw8qpgymFOqD","spotify:track:1gtflD7JVxpozNitZJp6xu","spotify:track:4kuttaimghZdfXE8G3puvR"],"feedback":""}