{"user_id":"69ec07362bddbd5c38aa0fb1b69b8a7f","top_tracks":{"artists_medium_term":["spotify:artist:3PPxT6AXgPvvajfvP1LQtw","spotify:artist:2BGRfQgtzikz1pzAD0kaEn","spotify:artist:0mXTJETA4XUa12MmmXxZJh","spotify:artist:4KXp3xtaz1wWXnu5u34eVX","spotify:artist:0tOdy7SqogILIjzGU2hSr5","spotify:artist:2VE6Ge0qFHrqDC6KG6ECJn","spotify:artist:6TLywjDgcz3M1rTrX7ht5k"],"tracks_short_term":["spotify:track:7N0DvWyvki3UkzJLxOoael","spotify:track:1FTSo4v6BOZH9QxKc3MbVM","spotify:track:0HfLmJBqjYOncYS6MigJUh","spotify:track:0WQiDwKJclirSYG9v5tayI","spotify:track:0e6KwFNFCVIhbNND6e5rsW","spotify:track:0kA5scXMiaO5Ms2GQ4pRWa","spotify:track:16u7q4gqCNfyYHQaUh9ELe","spotify:track:17hdos7cv1vAvcfoTU4Pym","spotify:track:1Q6cpyyuCfggYQmRRre4dF","spotify:track:1YjrBrQGSiNjXiSaJldoYh"],"tracks_medium_term":["spotify:track:48k5xa1KLpFgeT5eYFEUn4","spotify:track:7N0DvWyvki3UkzJLxOoael","spotify:track:1CkPJ9L7yOplzQnlWIiQsv","spotify:track:2Csi8BB8tZUiTaQgdSUazw","spotify:track:2IpQj2ukRPgEKx0OKqyurZ","spotify:track:2X485T9Z5Ly0xyaghN73ed","spotify:track:5GHEEOtp0Krwpv0Pi7o6w9","spotify:track:6KJwD7HdhOVva5ON25pCH9","spotify:track:72PcflNSlxp1UcFVU1AUs3","spotify:track:4rOQnlCSZJn7arqbEAHZoP"],"tracks_long_term":["spotify:track:4P7Nn5zvwXmLMCBOUgeJ3V","spotify:track:3bidbhpOYeV4knp8AIu8Xn","spotify:track:3r9bgSJlJz2zlevcBRYXko","spotify:track:2Vw4J8tNtJFXRtvpk1lpfb","spotify:track:4DaXQf9BzocaTrlSSjfaMN","spotify:track:0mqTcM8kuu2IYPotMt7AzS","spotify:track:3D4QFgYa3P9P0gjmv4eX6I","spotify:track:2Fpf5a5fGDWSHNj1iIPc5W","spotify:track:5S8EZuiSNFR2N5eG58oISQ","spotify:track:101TaHCVkpOMmlQNjPKRQ5"],"artists_long_term":["spotify:artist:1XpDYCrUJnvCo9Ez6yeMWh","spotify:artist:3H7Ez7cwaYw4L3ELy4v3Lc","spotify:artist:5WUlDfRSoLAfcVSX1WnrxN","spotify:artist:4gzpq5DPGxSnKTe4SA8HAU","spotify:artist:4KXp3xtaz1wWXnu5u34eVX","spotify:artist:53A0W3U0s8diEn9RhXQhVz","spotify:artist:0NRMzT05nsc8mTm4iUvuHY","spotify:artist:4iHNK0tOyZPYnBU7nGAgpQ","spotify:artist:4dpARuHxo51G3z768sgnrY","spotify:artist:4Z8W4fKeB5YxbusRsdQVPb"]},"chosen_tracks":["spotify:track:6y20BV5L33R8YXM0YuI38N","spotify:track:0eKyHwckh9vQb8ncZ2DXCs","spotify:track:2EoOZnxNgtmZaD8uUmz2nD","spotify:track:6b2oQwSGFkzsMtQruIWm2p","spotify:track:4dVbhS6OiYvFikshyaQaCN","spotify:track:4Hw4GtoiFjazlGuUcfmuLC","spotify:track:1aJrVsHwcQMZ8TZ6mlvT5J","spotify:track:2PLi7OmleXPNBrGLon3sUy","spotify:track:3qaSqrrevBrb84xl5JlptU","spotify:track:6BrMEbPSSj55nQhkgf6DnE"],"feedback":""}