{"user_id":"6a06f16298a15995b59954c7afb22309","top_tracks":{"artists_short_term":["spotify:artist:30DhU7BDmF4PH0JVhu8ZRg","spotify:artist:66CXWjxzNUsdJxJ2JdwvnR","spotify:artist:0NKDgy9j66h3DLnN8qu1bB","spotify:artist:1OAjDaKgg00KCUYqDe68un","spotify:artist:6qqNVTkY8uBg9cP3Jd7DAH","spotify:artist:6wH6iStAh4KIaWfuhf0NYM","spotify:artist:0FYSNiMKMJEY5qdZ0GMaDA"],"tracks_short_term":["spotify:track:0RTnMChwd0ARVY3zOyNdaP","spotify:track:0FkLMOUTkSTPSAYkIXQ579","spotify:track:2AAL4PF8WtOgHKHajUBbwh","spotify:track:27mBHDw4ojlGDnwRCao4le","spotify:track:2I88NEWpKrAPZuapXNV5G6","spotify:track:2XxV4ryxBQAxLv00rBAiYN","spotify:track:7ox6jaj8vXaOrQWaBxxSeT","spotify:track:0an8pwAsISvMA9ZIbAmeW7","spotify:track:3NhEEC4oE5hX6u8RCx6Q9m","spotify:track:4OafepJy2teCjYJbvFE60J"],"artists_medium_term":["spotify:artist:66CXWjxzNUsdJxJ2JdwvnR","spotify:artist:30DhU7BDmF4PH0JVhu8ZRg","spotify:artist:3fMbdgg4jU18AjLCKBhRSm","spotify:artist:4LLpKhyESsyAXpc4laK94U","spotify:artist:0EmeFodog0BfCgMzAIvKQp","spotify:artist:4jFkB3Lzjku9SFKUTP33WV","spotify:artist:2HB65P72dFRiOKvbLLcil2","spotify:artist:4AYkFtEBnNnGuoo8HaHErd","spotify:artist:3D2GUXbtlL3r2d5HJEnsFD","spotify:artist:0NKDgy9j66h3DLnN8qu1bB"],"tracks_medium_term":["spotify:track:66wkCYWlXzSTQAfnsPBptt","spotify:track:36YNa8joLwu9yor2TkZbIY","spotify:track:0RTnMChwd0ARVY3zOyNdaP","spotify:track:3SdTKo2uVsxFblQjpScoHy","spotify:track:2SbsvihBJmgNKZ4qkXFWrp","spotify:track:37j56IWzpplKE5zrlQRmxc","spotify:track:6wAV49hRfOiCTHztORMy8Y","spotify:track:08o75xMKmGrKny6GsXrNJW","spotify:track:1mCsF9Tw4AkIZOjvZbZZdT","spotify:track:5fdhThPDe6jQQDqCyWrdAn"],"tracks_long_term":["spotify:track:66wkCYWlXzSTQAfnsPBptt","spotify:track:6wAV49hRfOiCTHztORMy8Y","spotify:track:27m1soUndRthrAA1ediOXn","spotify:track:61707mcFfjlHcedjmRCr1L","spotify:track:2gEjxSKtsKStajNUXARc8z","spotify:track:3e9HZxeyfWwjeyPAMmWSSQ","spotify:track:6d8XhbAw4IoKPnVD07Sb9b","spotify:track:0it16By6VcfBXis67YMNbT","spotify:track:1EtcyegB7JLkAwwqiPyeJ6","spotify:track:0dCr3qIupWh36ilLjRHi4P"],"artists_long_term":["spotify:artist:66CXWjxzNUsdJxJ2JdwvnR","spotify:artist:6J7biCazzYhU3gM9j1wfid","spotify:artist:3fMbdgg4jU18AjLCKBhRSm","spotify:artist:1uNFoZAHBGtllmzznpCI3s","spotify:artist:4jFkB3Lzjku9SFKUTP33WV","spotify:artist:5YGY8feqx7naU7z4HrwZM6","spotify:artist:0du5cEVh5yTK9QJze8zA0C","spotify:artist:26dSoYclwsYLMAKD3tpOr4","spotify:artist:4LLpKhyESsyAXpc4laK94U","spotify:artist:12Chz98pHFMPJEknJQMWvI"]},"chosen_tracks":["spotify:track:39LmTF9RgyakzSYX8txrow","spotify:track:0RTnMChwd0ARVY3zOyNdaP","spotify:track:1db0gbTSKdRQum8VlbNkiO","spotify:track:08o75xMKmGrKny6GsXrNJW","spotify:track:3SdTKo2uVsxFblQjpScoHy"],"feedback":"These are a few songs I can ALWAYS listen to, because I can sing along and they make me feel relaxed. And also these will pop into my head at random times so I will directy search for them when that happens."}