{"user_id":"6a665cb3b2d6032ab48b38762c0968e6","top_tracks":{"tracks_short_term":["spotify:track:6IB7b4cXvYPhQsQHdmn1uE","spotify:track:2zVNIG9cfMyFxt8XqJ64s4","spotify:track:4YJUTdZ0Pgl0ZeNyHYXeLd","spotify:track:5stdNNY7SUv12p5sLkaBlL","spotify:track:7ofV2J7Ndzo2s5NBEgfpxl","spotify:track:2PJYsx6N4FR52hBqEYp7HY","spotify:track:0E2GdEsBywD8h4NvlqcuUK","spotify:track:12yGUMrIFfFg4zZ240IKtF","spotify:track:2Pxqs0WmxxHTV5QaTdmt3Q","spotify:track:3SGP8It5WDnCONyApJKRTJ"],"artists_short_term":["spotify:artist:04vj3iPUiVh5melWr0w3xT","spotify:artist:1dfeR4HaWDbWqFHLkxsg1d","spotify:artist:6eUKZXaKkcviH0Ku9w2n3V","spotify:artist:69GGBxA162lTqCwzJG5jLp","spotify:artist:5JZ7CnR6gTvEMKX4g70Amv","spotify:artist:23fqKkggKUBHNkbKtXEls4","spotify:artist:5Pwc4xIPtQLFEnJriah9YJ","spotify:artist:6jJ0s89eD6GaHleKKya26X","spotify:artist:0C8ZW7ezQVs4URX5aX7Kqx","spotify:artist:1Hsdzj7Dlq2I7tHP7501T4"],"tracks_medium_term":["spotify:track:0TK2YIli7K1leLovkQiNik","spotify:track:6IB7b4cXvYPhQsQHdmn1uE","spotify:track:5ZrDlcxIDZyjOzHdYW1ydr","spotify:track:1GjQLnGAfpv3rWW1K9Ll8p","spotify:track:3yOlyBJuViE2YSGn3nVE1K","spotify:track:7CUpjVgf7IspLymoo5hGMq","spotify:track:4NSW0Km5ZG60L8FthUebPJ","spotify:track:4h0zU3O9R5xzuTmNO7dNDU","spotify:track:2zVNIG9cfMyFxt8XqJ64s4","spotify:track:7LzouaWGFCy4tkXDOOnEyM"],"artists_medium_term":["spotify:artist:4nDoRrQiYLoBzwC5BhVJzF","spotify:artist:69GGBxA162lTqCwzJG5jLp","spotify:artist:1GxkXlMwML1oSg5eLPiAz3","spotify:artist:7uFKjNp91YjtXbNQTdNQlW","spotify:artist:1vCWHaC5f2uS3yhpwWbIA6","spotify:artist:2o5jDhtHVPhrJdv3cEQ99Z","spotify:artist:7n2wHs1TKAczGzO7Dd2rGr","spotify:artist:60d24wfXkVzDSfLS6hyCjZ","spotify:artist:6eUKZXaKkcviH0Ku9w2n3V","spotify:artist:6jJ0s89eD6GaHleKKya26X"],"artists_long_term":["spotify:artist:1vCWHaC5f2uS3yhpwWbIA6","spotify:artist:3FUY2gzHeIiaesXtOAdB7A","spotify:artist:4gzpq5DPGxSnKTe4SA8HAU","spotify:artist:53XhwfbYqKCa1cC15pYq2q","spotify:artist:5Rl15oVamLq7FbSb0NNBNy","spotify:artist:6eUKZXaKkcviH0Ku9w2n3V","spotify:artist:2XnBwblw31dfGnspMIwgWz","spotify:artist:1Cs0zKBU1kc0i8ypK3B9ai","spotify:artist:7n2wHs1TKAczGzO7Dd2rGr","spotify:artist:6jJ0s89eD6GaHleKKya26X"],"tracks_long_term":["spotify:track:4fIWvT19w9PR0VVBuPYpWA","spotify:track:3V4r2ErsWl5GAA1u9kKsls","spotify:track:3LYpOXGpnSAHycs2YBKMEx","spotify:track:01TuObJVd7owWchVRuQbQw","spotify:track:17tDv8WA8IhqE8qzuQn707","spotify:track:48iAZ751lyRFjGWQcaHzK6","spotify:track:2tUBqZG2AbRi7Q0BIrVrEj","spotify:track:1SJtlNRJDeYHioymcvsqev","spotify:track:1TtymbHWDBzCCiYYL9kMwb","spotify:track:2iUmqdfGZcHIhS3b9E9EWq"]},"chosen_tracks":["spotify:track:2iUXsYOEPhVqEBwsqP70rE","spotify:track:4RXpgGM7A4Hg7cFBoH5KyF","spotify:track:25sgk305KZfyuqVBQIahim","spotify:track:2tpWsVSb9UEmDRxAl1zhX1","spotify:track:4wNIkl5XGiAACjFBlDWuSd","spotify:track:5JHp33tTRd4gWZoByEUyW0","spotify:track:3Fcfwhm8oRrBvBZ8KGhtea","spotify:track:2kJwzbxV2ppxnQoYw4GLBZ","spotify:track:7qiZfU4dY1lWllzX7mPBI3","spotify:track:600HVBpzF1WfBdaRwbEvLz"],"feedback":""}