{
  "user_id": "6b6fcfb74815dcd24513376cc93c70cf",
  "top_tracks": {
    "artists_long_term": [
      "spotify:artist:7KMqksf0UMdyA0UCf4R3ux",
      "spotify:artist:0hEurMDQu99nJRq8pTxO14",
      "spotify:artist:6eUKZXaKkcviH0Ku9w2n3V",
      "spotify:artist:3hE8S8ohRErocpkY7uJW4a",
      "spotify:artist:4tvKz56Tr39bkhcQUTO0Xr",
      "spotify:artist:2ye2Wgw4gimLv2eAKyk1NB",
      "spotify:artist:04gDigrS5kc9YWfZHwBETP",
      "spotify:artist:0gadJ2b9A4SKsB1RFkBb66",
      "spotify:artist:09kCHZp9iFO2FJNb9lR6G5",
      "spotify:artist:3J28FLi8jjXtUGWf69cP7I"
    ],
    "tracks_long_term": [
      "spotify:track:24rFwAcC6eqPvyMuPynVGH",
      "spotify:track:2lMT78bIa5p661B5ajMIbr",
      "spotify:track:1DJtIIV437oWmdBXFhadqz",
      "spotify:track:6e2ufRmytJb3Pz0hWQDvaX",
      "spotify:track:1QkIRaRxBHhJM0zIAJuu4L",
      "spotify:track:2KxHukJzTnet2wS57TjzgN",
      "spotify:track:2YaGZvBfkQ4jiD5cMLIFQV",
      "spotify:track:5SnOyuBtyzufoXBAKOdcxD",
      "spotify:track:6TSP9oSbXONHk39GHvOSs3",
      "spotify:track:7wcXOI0ZGMUVh3DJca5C1k"
    ]
  },
  "chosen_tracks": [
    "spotify:track:4xufzAdw6ChXXzMWsVDz8X",
    "spotify:track:2v4bVS3O0V4ryd0jzHvEAL",
    "spotify:track:4qqHMm7bAWiLiEifg5FLGu",
    "spotify:track:2DcaxRd9YZogL1v7JTDwC8",
    "spotify:track:4ppkdhQLPKNFgTeOwisFJs",
    "spotify:track:5337BdskAAG3MYToonX7hq",
    "spotify:track:07hWZ7kmGa2R0L00lE1L2f",
    "spotify:track:0zKc1viesv41Gj6ztAtF40",
    "spotify:track:0nFDdkZsoSRT2xYwqbnaum",
    "spotify:track:0R4EcD2e5m9wsMmWVVbBOc"
  ],
  "feedback": "Donna donna: its a song my little sister song a lot as a child, beautiful and it just makes me feel so happy and peaceful. \r\nKiss of fire: come one, its an amazing piece. I really enjoy this kind of music when sitting (traveling, working ect) \r\nCaro: we have a joke that my car only works when Caro is playing. Easy to sing along and I like the older styles of music. \r\nPost modern jukebox: even though they are mostly covers, i barely know the original since i dont really listen radio or artist that are 'hot' now. I like the swinging, dancing, instruments didnt really know what specific songs to pick:) \r\nSieneke: IT'S BEEN 10 YEARS AND SHE STILL HOUNDS ME EVERY MINUTE OF THE DAY, help\r\nIve no more fucks to give: yeah its fun isnt it? "
}