{"user_id":"6ca602141824c5728feba18a1ce527d2","top_tracks":{"artists_short_term":["spotify:artist:4BdGC1RuOTKncid54T1kID","spotify:artist:3nHKeOa45XrUplL3NiGy7E","spotify:artist:64gvvAW80lNmO2Srd0I3MK","spotify:artist:6urkHDoIVO1WO8vNIwcJmM","spotify:artist:6qqNVTkY8uBg9cP3Jd7DAH","spotify:artist:1f5GqyOPo0CkotzzRwviBu","spotify:artist:3OsRAKCvk37zwYcnzRf5XF","spotify:artist:1TUJBwovBrSV0NgaJ9cm5a","spotify:artist:11zG3SH7tJ36wYmCJ2oWyB","spotify:artist:762310PdDnwsDxAQxzQkfX"],"tracks_short_term":["spotify:track:0uguTAc0yJY2vfmqiuYoob","spotify:track:2Fxmhks0bxGSBdJ92vM42m","spotify:track:3qX1dqmDdmMvvfMVfsx4Bh","spotify:track:0BIsK7fe6x6YwREhnLXKbF","spotify:track:15rZ2QaGKjt9V6jG8o3gH7","spotify:track:2OnqLGs0xZvr8ZNzWJELGo","spotify:track:4SSnFejRGlZikf02HLewEF","spotify:track:4UCTgh5jvtqoaMX6MAhUNn","spotify:track:4cnGgdKeH31QjflSXwkGuJ","spotify:track:53LF5IN9bcHhhOI83ghlsS"],"artists_medium_term":["spotify:artist:64gvvAW80lNmO2Srd0I3MK","spotify:artist:6urkHDoIVO1WO8vNIwcJmM","spotify:artist:6qqNVTkY8uBg9cP3Jd7DAH","spotify:artist:762310PdDnwsDxAQxzQkfX","spotify:artist:3nHKeOa45XrUplL3NiGy7E","spotify:artist:6wWVKhxIU2cEi0K81v7HvP","spotify:artist:11zG3SH7tJ36wYmCJ2oWyB","spotify:artist:3yJnBqAoRUNeDabdYoiYWD","spotify:artist:4BdGC1RuOTKncid54T1kID","spotify:artist:73sIBHcqh3Z3NyqHKZ7FOL"],"tracks_medium_term":["spotify:track:4UCTgh5jvtqoaMX6MAhUNn","spotify:track:0uguTAc0yJY2vfmqiuYoob","spotify:track:2Fxmhks0bxGSBdJ92vM42m","spotify:track:4SSnFejRGlZikf02HLewEF","spotify:track:6ZCyDN2ArlWB4GKAj644Cd","spotify:track:1EpjMVaoloW4sLIdfVD6P8","spotify:track:1kl0Vn0FO4bbdrTbHw4IaQ","spotify:track:3ZCTVFBt2Brf31RLEnCkWJ","spotify:track:799f6Ih1Pu4AUApMyXhxUc","spotify:track:00GOPLxW4PGQuUYdPJh8K1"],"tracks_long_term":["spotify:track:0qqRNnwh86N1XBV94GVgQN","spotify:track:15rZ2QaGKjt9V6jG8o3gH7","spotify:track:5XjMaXDc3BuWyLszoKZwZU","spotify:track:7qCH63LRWgYjg7qnCTx4n0","spotify:track:5giUOORPU3grgZQQIUMxVB","spotify:track:3hjZbDg6mKzAun6b6ctjnn","spotify:track:0bpvLZBlLfNjLnFtoCKIxV","spotify:track:1DPEBgkMpv6n46jse64gN9","spotify:track:4UCTgh5jvtqoaMX6MAhUNn","spotify:track:3pP92nQ98lF5ZyBQber1fO"],"artists_long_term":["spotify:artist:3nHKeOa45XrUplL3NiGy7E","spotify:artist:64gvvAW80lNmO2Srd0I3MK","spotify:artist:73sIBHcqh3Z3NyqHKZ7FOL","spotify:artist:762310PdDnwsDxAQxzQkfX","spotify:artist:11zG3SH7tJ36wYmCJ2oWyB","spotify:artist:6urkHDoIVO1WO8vNIwcJmM","spotify:artist:1f5GqyOPo0CkotzzRwviBu","spotify:artist:6qqNVTkY8uBg9cP3Jd7DAH","spotify:artist:4P0dddbxPil35MNN9G2MEX","spotify:artist:6wWVKhxIU2cEi0K81v7HvP"]},"chosen_tracks":["spotify:track:1DPEBgkMpv6n46jse64gN9","spotify:track:5XjMaXDc3BuWyLszoKZwZU","spotify:track:3oV6A6Uqtf3p4p9TJCOevg","spotify:track:4UCTgh5jvtqoaMX6MAhUNn","spotify:track:70XOzn4IstIYPGpcgTFJd2","spotify:track:2xqb6Drc3FykVqzWZ1TXop","spotify:track:4SSnFejRGlZikf02HLewEF","spotify:track:2O8EVtQtfsKBABn0hOxs8Y","spotify:track:6KSQeUGJAr3erEFs86hPmE","spotify:track:5vZ4IeUenK2cHub2d7yfWk"],"feedback":"This is a sample of 10 songs from my \"study\" playlist. I am listening to that now because I'm working. These songs are pretty repetitive but have changing rythms that keep me interested but don't distract me. They are songs that have a fun beat that I can enjoy but it also sort of fades into the background."}