{"user_id":"77a603413af8521743cf72c7516b0777","top_tracks":{"tracks_long_term":["spotify:track:5OhjkylPjKnmR7I2gnVNwz","spotify:track:3FGiFUJRRp5RGikVrs6kig","spotify:track:4l0Mvzj72xxOpRrp6h8nHi","spotify:track:1RO8Q3w2Jkir8cvvGEApI0","spotify:track:1SgYfY3itrGgfdQikn2lhY","spotify:track:6GnjkRoNZzp3pgaQMM9cTq","spotify:track:1W92IRj1LeAydMhEb3yNlj","spotify:track:4TU3Kk96BTsBTaUKvheuFD","spotify:track:1KZyVnyptQcPzkx7ELCnZC","spotify:track:3dYD57lRAUcMHufyqn9GcI"],"tracks_medium_term":["spotify:track:5OhjkylPjKnmR7I2gnVNwz","spotify:track:3FGiFUJRRp5RGikVrs6kig","spotify:track:4l0Mvzj72xxOpRrp6h8nHi","spotify:track:1RO8Q3w2Jkir8cvvGEApI0","spotify:track:1SgYfY3itrGgfdQikn2lhY","spotify:track:6GnjkRoNZzp3pgaQMM9cTq","spotify:track:1W92IRj1LeAydMhEb3yNlj","spotify:track:4TU3Kk96BTsBTaUKvheuFD","spotify:track:1KZyVnyptQcPzkx7ELCnZC","spotify:track:3dYD57lRAUcMHufyqn9GcI"],"artists_short_term":["spotify:artist:30mNTnmvPn3HwXA5dW1Iza","spotify:artist:0C8ZW7ezQVs4URX5aX7Kqx","spotify:artist:2NjfBq1NflQcKSeiDooVjY","spotify:artist:4dpARuHxo51G3z768sgnrY","spotify:artist:7IiSLreTg1of8dDwxwiPw3","spotify:artist:5vmwWgrlwCfHm1P0vdDFbU","spotify:artist:0L8ExT028jH3ddEcZwqJJ5","spotify:artist:77IW5ZK1smDQYYKDCQugXh","spotify:artist:7t8PD6GvlbqByM0g7ysSHH","spotify:artist:6eUKZXaKkcviH0Ku9w2n3V"],"tracks_short_term":["spotify:track:5OhjkylPjKnmR7I2gnVNwz","spotify:track:3FGiFUJRRp5RGikVrs6kig","spotify:track:1RO8Q3w2Jkir8cvvGEApI0","spotify:track:4l0Mvzj72xxOpRrp6h8nHi","spotify:track:1SgYfY3itrGgfdQikn2lhY","spotify:track:6GnjkRoNZzp3pgaQMM9cTq","spotify:track:1KZyVnyptQcPzkx7ELCnZC","spotify:track:3dYD57lRAUcMHufyqn9GcI","spotify:track:2ROYEdCwaR15JQvi13Rj8X","spotify:track:6XXYdF6pJR1K3wKvuxmu7n"],"artists_long_term":["spotify:artist:30mNTnmvPn3HwXA5dW1Iza","spotify:artist:0C8ZW7ezQVs4URX5aX7Kqx","spotify:artist:2NjfBq1NflQcKSeiDooVjY","spotify:artist:5vmwWgrlwCfHm1P0vdDFbU","spotify:artist:0L8ExT028jH3ddEcZwqJJ5","spotify:artist:7IiSLreTg1of8dDwxwiPw3","spotify:artist:4dpARuHxo51G3z768sgnrY","spotify:artist:5pDjmC5mRl7vDJhsjVwNfk","spotify:artist:3D2GUXbtlL3r2d5HJEnsFD","spotify:artist:77IW5ZK1smDQYYKDCQugXh"],"artists_medium_term":["spotify:artist:30mNTnmvPn3HwXA5dW1Iza","spotify:artist:0C8ZW7ezQVs4URX5aX7Kqx","spotify:artist:2NjfBq1NflQcKSeiDooVjY","spotify:artist:5vmwWgrlwCfHm1P0vdDFbU","spotify:artist:0L8ExT028jH3ddEcZwqJJ5","spotify:artist:7IiSLreTg1of8dDwxwiPw3","spotify:artist:4dpARuHxo51G3z768sgnrY","spotify:artist:5pDjmC5mRl7vDJhsjVwNfk","spotify:artist:3D2GUXbtlL3r2d5HJEnsFD","spotify:artist:77IW5ZK1smDQYYKDCQugXh"]},"chosen_tracks":["spotify:track:5OhjkylPjKnmR7I2gnVNwz","spotify:track:0YywjDvFudcaHG74NuWISy","spotify:track:0JWaEkQmU8oaSukOBCbrJC","spotify:track:3cWI6Hj9LQ0MfMuhw9uSMc","spotify:track:1bC7e6WRkuFEeGSRAcsZwy","spotify:track:2gUCFBQ3JmLdDw8ZMCgjw7","spotify:track:60Pwcnt2y9ML9VP4gwrcxm","spotify:track:4RCWB3V8V0dignt99LZ8vH"],"feedback":""}