{"user_id":"77eec4f42b3f476b0e291200f9b8df16","top_tracks":{"tracks_short_term":["spotify:track:1DNkxLaGqAIU43kHQkunoE","spotify:track:4S4Mfvv03M1cHgIOJcbUCL","spotify:track:4NnWuGQujzWUEg0uZokO5M","spotify:track:4n358XQMHXd0xi6NazWdxr","spotify:track:7hav1MHURQf5SAoPk0egqh","spotify:track:5l25WurqQFTmdBqCLqLZ4Z","spotify:track:5fJqkPtaFohDuNXWJdXyVS","spotify:track:01HGXW27UXeMWa8Eglzgcf","spotify:track:0uYMerBHiIHrCv9FHfzUMe","spotify:track:11NwaUSqSYmZrFWo2qO2Ng"],"artists_short_term":["spotify:artist:2h93pZq0e7k5yf4dywlkpM","spotify:artist:24icoQNJSEWNu3XvqKBR68","spotify:artist:29XOeO6KIWxGthejQqn793","spotify:artist:4q3ewBCX7sLwd24euuV69X","spotify:artist:6qgnBH6iDM91ipVXv28OMu","spotify:artist:6nB0iY1cjSY1KyhYyuIIKH","spotify:artist:4O15NlyKLIASxsJ0PrXPfz","spotify:artist:5Q81rlcTFh3k6DQJXPdsot","spotify:artist:0SwO7SWeDHJijQ3XNS7xEE","spotify:artist:2ApaG60P4r0yhBoDCGD8YG"],"tracks_medium_term":["spotify:track:7If4214bXXvGH3VdjPCybw","spotify:track:3TTMUI5dFcbeNSDTTDY9M8","spotify:track:3eekarcy7kvN4yt5ZFzltW","spotify:track:4S4Mfvv03M1cHgIOJcbUCL","spotify:track:4n358XQMHXd0xi6NazWdxr","spotify:track:6U0FIYXCQ3TGrk4tFpLrEA","spotify:track:1VJwtWR6z7SpZRwipI12be","spotify:track:4NnWuGQujzWUEg0uZokO5M","spotify:track:3AGJNb77KNgkQwRo7Zv13x","spotify:track:2R7ZNlng7Kjdo0Pp4TWNXa"],"artists_medium_term":["spotify:artist:2h93pZq0e7k5yf4dywlkpM","spotify:artist:57LYzLEk2LcFghVwuWbcuS","spotify:artist:6qgnBH6iDM91ipVXv28OMu","spotify:artist:5cj0lLjcoR7YOSnhnX0Po5","spotify:artist:6nB0iY1cjSY1KyhYyuIIKH","spotify:artist:2tAqnHDAgnGtjnlzyoa38L","spotify:artist:5Q81rlcTFh3k6DQJXPdsot","spotify:artist:50co4Is1HCEo8bhOyUWKpn","spotify:artist:0Y5tJX1MQlPlqiwlOH1tJY","spotify:artist:0uCCBpmg6MrPb1KY2msceF"],"tracks_long_term":["spotify:track:2ktg2oZDyFAX3iY1QNkXl5","spotify:track:2JUqYobT8NvARdPmc4ES2x","spotify:track:5fp8Ww74MLFXjCYRxf6YMt","spotify:track:51ogbY27rqVdV5o0lVuKAM","spotify:track:7eqoqGkKwgOaWNNHx90uEZ","spotify:track:3dzwxkefk58p6aXC3ADRt9","spotify:track:2M6JFwv9xle50LLh3wxlp8","spotify:track:5Uf3fYik5L7n59ZB1uAKLW","spotify:track:1wz7B02oOtrTW6SNLG0cSk","spotify:track:2ZWlPOoWh0626oTaHrnl2a"],"artists_long_term":["spotify:artist:3TVXtAsR1Inumwj472S9r4","spotify:artist:2h93pZq0e7k5yf4dywlkpM","spotify:artist:2xe8IXgCTpwHE3eA9hTs4n","spotify:artist:57LYzLEk2LcFghVwuWbcuS","spotify:artist:1z7b1Pr1rSlvWRzsW3HOrS","spotify:artist:2YZyLoL8N0Wb9xBt1NhZWg","spotify:artist:7aFTOGFDEqDtJUCziLVsVC","spotify:artist:66CXWjxzNUsdJxJ2JdwvnR","spotify:artist:5K4W6rqBFWDnAN6FQUkS6x","spotify:artist:7pbDxGE6nQSZVfiFdq9lOL"]},"chosen_tracks":["spotify:track:4NnWuGQujzWUEg0uZokO5M","spotify:track:4S4Mfvv03M1cHgIOJcbUCL","spotify:track:1NrqvnH7JclXyGjnfXLU2s","spotify:track:6Kbkge4WbvwWv1jVzSQsr8","spotify:track:6FcziKZepDZLVKIdDhQnJb"],"feedback":""}