{"user_id":"79d285a974775a934845163714e7129b","top_tracks":{"tracks_short_term":["spotify:track:77AbmFudFBhF5a4Vcmwqtu","spotify:track:0EtzpDX05udzfLcGntGbGU","spotify:track:3jevgr3fYdv9wYO3IDJq2a","spotify:track:35cOyocq8Gb6UcT0NWeTwn","spotify:track:5TjwiYZVMHVrGvRzbeCaV7","spotify:track:6O20JhBJPePEkBdrB5sqRx","spotify:track:0po63MOolcaeLX1wyhvTH9","spotify:track:66cIVXwMJQKw4GnxIiCeP2","spotify:track:6kLZ1DzSxBkNVvdQm6CX0N","spotify:track:6xnIW5xFjRMNpG34mTMCQa"],"artists_short_term":["spotify:artist:55Aa2cqylxrFIXC767Z865","spotify:artist:246dkjvS1zLTtiykXe5h60","spotify:artist:5K4W6rqBFWDnAN6FQUkS6x","spotify:artist:165ZgPlLkK7bf5bDoFc6Sb","spotify:artist:6XyY86QOPPrYVGvF9ch6wz","spotify:artist:5pKCCKE2ajJHZ9KAiaK11H","spotify:artist:3TVXtAsR1Inumwj472S9r4","spotify:artist:3fMbdgg4jU18AjLCKBhRSm","spotify:artist:31TPClRtHm23RisEBtV3X7","spotify:artist:7dGJo4pcD2V6oG8kP0tJRR"],"tracks_medium_term":["spotify:track:0tPQPaOKM32WgMSbPCYyRH","spotify:track:3PaIVQfl9e7hNRqDG1RtCG","spotify:track:3jevgr3fYdv9wYO3IDJq2a","spotify:track:5TjwiYZVMHVrGvRzbeCaV7","spotify:track:0dbTQYW3Ad1FTzIA9t90E8","spotify:track:21jGcNKet2qwijlDFuPiPb","spotify:track:0RiRZpuVRbi7oqRdSMwhQY","spotify:track:2TgDK4TC5KsywTYafAE4Gd","spotify:track:5rRMux9vrgG0HAnW8AgFCt","spotify:track:0YVx5YZIgfYHzlq19hqDeE"],"artists_medium_term":["spotify:artist:246dkjvS1zLTtiykXe5h60","spotify:artist:0hCNtLu0JehylgoiP8L4Gh","spotify:artist:5K4W6rqBFWDnAN6FQUkS6x","spotify:artist:5pKCCKE2ajJHZ9KAiaK11H","spotify:artist:3TVXtAsR1Inumwj472S9r4","spotify:artist:6XyY86QOPPrYVGvF9ch6wz","spotify:artist:55Aa2cqylxrFIXC767Z865","spotify:artist:4RddZ3iHvSpGV4dvATac9X","spotify:artist:3fMbdgg4jU18AjLCKBhRSm","spotify:artist:7dGJo4pcD2V6oG8kP0tJRR"],"artists_long_term":["spotify:artist:246dkjvS1zLTtiykXe5h60","spotify:artist:0hCNtLu0JehylgoiP8L4Gh","spotify:artist:5K4W6rqBFWDnAN6FQUkS6x","spotify:artist:5pKCCKE2ajJHZ9KAiaK11H","spotify:artist:6XyY86QOPPrYVGvF9ch6wz","spotify:artist:55Aa2cqylxrFIXC767Z865","spotify:artist:3TVXtAsR1Inumwj472S9r4","spotify:artist:3fMbdgg4jU18AjLCKBhRSm","spotify:artist:4gzpq5DPGxSnKTe4SA8HAU","spotify:artist:7dGJo4pcD2V6oG8kP0tJRR"],"tracks_long_term":["spotify:track:3PaIVQfl9e7hNRqDG1RtCG","spotify:track:0tPQPaOKM32WgMSbPCYyRH","spotify:track:22L7bfCiAkJo5xGSQgmiIO","spotify:track:0dbTQYW3Ad1FTzIA9t90E8","spotify:track:5TjwiYZVMHVrGvRzbeCaV7","spotify:track:3jevgr3fYdv9wYO3IDJq2a","spotify:track:7FGq80cy8juXBCD2nrqdWU","spotify:track:0Ha4WnjeGxmsnzTnlEvjvZ","spotify:track:7duEsCj7QbHyjNFmntqM0J","spotify:track:4pfu1lEKJhRGTQf64cQPXd"]},"chosen_tracks":["spotify:track:3PaIVQfl9e7hNRqDG1RtCG","spotify:track:0dbTQYW3Ad1FTzIA9t90E8","spotify:track:7e44z4wOjkllaD8eulUeMd","spotify:track:4qVR3CF8FuFvHN4L6vXlB1","spotify:track:75ZvA4QfFiZvzhj2xkaWAh","spotify:track:7o2CTH4ctstm8TNelqjb51","spotify:track:3jevgr3fYdv9wYO3IDJq2a","spotify:track:0tPQPaOKM32WgMSbPCYyRH","spotify:track:1GxHeBvQ9935Dd3cSfsfBa","spotify:track:1MTQHCpraD4S8g5PAFKzoj"],"feedback":""}