{"user_id":"79f215e862f72f126f577507496ab0f2","top_tracks":{"artists_short_term":["spotify:artist:2auiVi8sUZo17dLy1HwrTU","spotify:artist:4iHNK0tOyZPYnBU7nGAgpQ","spotify:artist:3u1ulLq00Y3bfmq9FfjsPu","spotify:artist:1HY2Jd0NmPuamShAr6KMms","spotify:artist:0blJzvevdXrp21YeI2vbco","spotify:artist:6DPYiyq5kWVQS4RGwxzPC7","spotify:artist:2CvCyf1gEVhI0mX6aFXmVI","spotify:artist:4VIvfOurcf0vuLRxLkGnIG","spotify:artist:3ffMbKIrSWo557U1wDxNDq","spotify:artist:3PhoLpVuITZKcymswpck5b"],"tracks_short_term":["spotify:track:1wed13CuglKBkOnVFFzI1D","spotify:track:0jsANwwkkHyyeNyuTFq2XO","spotify:track:688iitLNSV6Iik1QESqvth","spotify:track:1vf0m8FrWV2f8CiU72mysM","spotify:track:5DkHYNiEqDnyKHW5r1Esj6","spotify:track:5bswESpm0TJQpR8vLdCh6x","spotify:track:4aDGpzH2gIF67w3hwgCI1J","spotify:track:06R4sYdNYKfeulAP4ebbI3","spotify:track:0Lquf9p91A6HQnnQridWWd","spotify:track:22DHmfJa31hKpc2Lg0gVBV"],"artists_medium_term":["spotify:artist:2auiVi8sUZo17dLy1HwrTU","spotify:artist:3ffMbKIrSWo557U1wDxNDq","spotify:artist:6wWVKhxIU2cEi0K81v7HvP","spotify:artist:6qqNVTkY8uBg9cP3Jd7DAH","spotify:artist:3dkbV4qihUeMsqN4vBGg93","spotify:artist:4iHNK0tOyZPYnBU7nGAgpQ","spotify:artist:2CvCyf1gEVhI0mX6aFXmVI","spotify:artist:0VxqNUj1W2yTGKtiJ2hJE9","spotify:artist:51Blml2LZPmy7TTiAg47vQ","spotify:artist:3u1ulLq00Y3bfmq9FfjsPu"],"tracks_medium_term":["spotify:track:3ZCTVFBt2Brf31RLEnCkWJ","spotify:track:2Fxmhks0bxGSBdJ92vM42m","spotify:track:1wed13CuglKBkOnVFFzI1D","spotify:track:43zdsphuZLzwA9k4DJhU0I","spotify:track:688iitLNSV6Iik1QESqvth","spotify:track:50LmbBKCBeDRKYvpR7ApjG","spotify:track:22DHmfJa31hKpc2Lg0gVBV","spotify:track:3VVEUP5550SmFMQkjIlZ7f","spotify:track:48EjSdYh8wz2gBxxqzrsLe","spotify:track:4A3evD9w8QYhXBxqcj16ys"],"artists_long_term":["spotify:artist:5HYNPEO2NNBONQkp3Mvwvc","spotify:artist:3ffMbKIrSWo557U1wDxNDq","spotify:artist:1dfeR4HaWDbWqFHLkxsg1d","spotify:artist:0blJzvevdXrp21YeI2vbco","spotify:artist:7dGJo4pcD2V6oG8kP0tJRR","spotify:artist:6DPYiyq5kWVQS4RGwxzPC7","spotify:artist:2CvCyf1gEVhI0mX6aFXmVI","spotify:artist:3ni9LX95aVQksOuoHFEbEx","spotify:artist:38h03gA85YYPeDPd9ER9rT","spotify:artist:51Blml2LZPmy7TTiAg47vQ"],"tracks_long_term":["spotify:track:2szBQr1HRUNHAxwRBsI0NJ","spotify:track:1wed13CuglKBkOnVFFzI1D","spotify:track:68lwRtx3YdrsivGNoeH81F","spotify:track:3ZCTVFBt2Brf31RLEnCkWJ","spotify:track:2EF79GgbipSytxADjMxDPI","spotify:track:2NRRrr8ylDK38KD3Ffbw4K","spotify:track:6Hxe9iKvXIvR1ZQ1o2KL7m","spotify:track:3VMzQ4rh7FtfSuyjHIcuZR","spotify:track:6Y8vuSh2IHmI5QuwCLkJWl","spotify:track:69kOkLUCkxIZYexIgSG8rq"]},"chosen_tracks":["spotify:track:49FYlytm3dAAraYgpoJZux","spotify:track:708b4yGsLuBrHlrm1zZQBJ","spotify:track:1Vi8bCaz8AqucqF88ffnqI","spotify:track:38zsOOcu31XbbYj9BIPUF1","spotify:track:1wed13CuglKBkOnVFFzI1D","spotify:track:3ZCTVFBt2Brf31RLEnCkWJ","spotify:track:6XUHsYE38CEbYunT983O9G","spotify:track:4u7EnebtmKWzUH433cf5Qv","spotify:track:3Cx4yrFaX8CeHwBMReOWXI","spotify:track:7DeR4JkyfQHmUja3XC5oR9"],"feedback":""}