{"user_id":"7cb695856c55241edddcb7764fc7f6db","top_tracks":{"artists_short_term":["spotify:artist:30mNTnmvPn3HwXA5dW1Iza","spotify:artist:0C8ZW7ezQVs4URX5aX7Kqx","spotify:artist:5pDjmC5mRl7vDJhsjVwNfk"],"artists_medium_term":["spotify:artist:1cwOthlzLBwN8Imbq7P71H","spotify:artist:6eUKZXaKkcviH0Ku9w2n3V","spotify:artist:3t5xRXzsuZmMDkQzgOX35S","spotify:artist:60d24wfXkVzDSfLS6hyCjZ","spotify:artist:69GGBxA162lTqCwzJG5jLp","spotify:artist:5pDjmC5mRl7vDJhsjVwNfk","spotify:artist:7f5Zgnp2spUuuzKplmRkt7","spotify:artist:77IW5ZK1smDQYYKDCQugXh","spotify:artist:2o5jDhtHVPhrJdv3cEQ99Z","spotify:artist:5vmwWgrlwCfHm1P0vdDFbU"],"tracks_short_term":["spotify:track:2PXt0tumLcyaMbiJ9ldkHg","spotify:track:41yIvlFgvGwxq8qTqAR7eG","spotify:track:51xRMJFRBrW9C1RI1qW4S0","spotify:track:6UYeIwqBlIHKwfOp0VQFoW","spotify:track:7HMmFQsKsljwTw8bS7lu19","spotify:track:7yuWHdSLrknIYMgbkdmPOS","spotify:track:0JWaEkQmU8oaSukOBCbrJC","spotify:track:1SgYfY3itrGgfdQikn2lhY","spotify:track:1dEeFAA7955dEhviWfLMqr","spotify:track:2ROYEdCwaR15JQvi13Rj8X"],"tracks_medium_term":["spotify:track:1KPE0cgUAsOd4LLf7qyZvq","spotify:track:1Mys1gf9SkMBAVGGxpkJ7d","spotify:track:38JtOksjkWmr9vAylvvqs6","spotify:track:5oe8ei8OtZzp8xmuzguRfG","spotify:track:0ZUMBOzlwNXfVE4Z8lSrsd","spotify:track:1ixphys4A3NEXp6MDScfih","spotify:track:21nNcRzAgTVmMEsVpvFH1H","spotify:track:32y9LSjv2Q49T3NnkETXCm","spotify:track:3VYus1M8722JsGumhvVUUE","spotify:track:3kxwFmWdVNvaJKE0xNGHpQ"],"artists_long_term":["spotify:artist:1cwOthlzLBwN8Imbq7P71H","spotify:artist:6eUKZXaKkcviH0Ku9w2n3V","spotify:artist:3t5xRXzsuZmMDkQzgOX35S","spotify:artist:3D2GUXbtlL3r2d5HJEnsFD","spotify:artist:7f5Zgnp2spUuuzKplmRkt7","spotify:artist:1DLBD6Rhp3kKjzamA9lULf","spotify:artist:1dfeR4HaWDbWqFHLkxsg1d","spotify:artist:492hDmhPyuIjP3MgTcIqgm","spotify:artist:23fqKkggKUBHNkbKtXEls4","spotify:artist:484XUhtQMjzHZhvU0FrjCX"],"tracks_long_term":["spotify:track:7qiZfU4dY1lWllzX7mPBI3","spotify:track:3RiPr603aXAoi4GHyXx0uy","spotify:track:1KPE0cgUAsOd4LLf7qyZvq","spotify:track:48Jle3CqOwqLkO2Iitanvi","spotify:track:5oe8ei8OtZzp8xmuzguRfG","spotify:track:32y9LSjv2Q49T3NnkETXCm","spotify:track:7FMEEYbIfiEazN02exf120","spotify:track:3VYus1M8722JsGumhvVUUE","spotify:track:0ZUMBOzlwNXfVE4Z8lSrsd","spotify:track:4Jo3udaXrDCBKdMrXcDQlg"]},"chosen_tracks":["spotify:track:1Mys1gf9SkMBAVGGxpkJ7d","spotify:track:4Puh2M4qWDAY5qYMdIYic1","spotify:track:1TOjt3I09kBRvndzuvdMkC","spotify:track:2rzZ0IGxgrGUAPwrWn80z7","spotify:track:0ZUMBOzlwNXfVE4Z8lSrsd"],"feedback":""}