{"user_id":"7f1e0bdc4d9604b1a8ceab337510c16a","top_tracks":{"artists_short_term":["spotify:artist:4hKkEHkaqCsyxNxXEsszVH","spotify:artist:31TPClRtHm23RisEBtV3X7","spotify:artist:6vWDO969PvNqNYHIOW5v0m","spotify:artist:6jJ0s89eD6GaHleKKya26X"],"tracks_short_term":["spotify:track:0cqRj7pUJDkTCEsJkx8snD","spotify:track:0O45fw2L5vsWpdsOdXwNAR","spotify:track:6x4tKaOzfNJpEJHySoiJcs","spotify:track:0hq5mE9kYU4Sy2PpdZwGol","spotify:track:67eu3GTYIJmfiy7yicLeqj","spotify:track:32OlwWuMpZ6b0aN2RZOeMS","spotify:track:2tUBqZG2AbRi7Q0BIrVrEj","spotify:track:7Lf7oSEVdzZqTA0kEDSlS5","spotify:track:7sMGwiS4vOMcz86ZY3vKYM","spotify:track:0ikz6tENMONtK6qGkOrU3c"],"tracks_medium_term":["spotify:track:0O45fw2L5vsWpdsOdXwNAR","spotify:track:0cqRj7pUJDkTCEsJkx8snD","spotify:track:0hq5mE9kYU4Sy2PpdZwGol","spotify:track:0BzxqwlOpRt6gIHgz2fwx0","spotify:track:0qOnSQQF0yzuPWsXrQ9paz","spotify:track:1Je1IMUlBXcx1Fz0WE7oPT","spotify:track:1L5tZi0izXsi5Kk5OJf4W0","spotify:track:6x4tKaOzfNJpEJHySoiJcs","spotify:track:0B9x2BRHqj3Qer7biM3pU3","spotify:track:7kvW5s7L5uUCdim5N0Z7yx"],"artists_medium_term":["spotify:artist:4hKkEHkaqCsyxNxXEsszVH","spotify:artist:31TPClRtHm23RisEBtV3X7","spotify:artist:6eUKZXaKkcviH0Ku9w2n3V","spotify:artist:06HL4z0CvFAxyc27GXpf02","spotify:artist:1KCSPY1glIKqW2TotWuXOR","spotify:artist:7n2wHs1TKAczGzO7Dd2rGr","spotify:artist:69GGBxA162lTqCwzJG5jLp","spotify:artist:0X2BH1fck6amBIoJhDVmmJ","spotify:artist:04gDigrS5kc9YWfZHwBETP","spotify:artist:1vCWHaC5f2uS3yhpwWbIA6"],"artists_long_term":["spotify:artist:5m5Fh8zrb0uHM85qwkIkVT","spotify:artist:0SfsnGyD8FpIN4U4WCkBZ5","spotify:artist:4hKkEHkaqCsyxNxXEsszVH","spotify:artist:3jBNLmJDEBWEoidTT7l1Jn","spotify:artist:31TPClRtHm23RisEBtV3X7","spotify:artist:6eUKZXaKkcviH0Ku9w2n3V","spotify:artist:6OG9fZ1LKXyL0hShRmmnq1","spotify:artist:0KQX2wRHV2VLjuscfJFNxB","spotify:artist:5quv5QEyL2XAloebaau69m","spotify:artist:60d24wfXkVzDSfLS6hyCjZ"],"tracks_long_term":["spotify:track:0O45fw2L5vsWpdsOdXwNAR","spotify:track:0cqRj7pUJDkTCEsJkx8snD","spotify:track:67eu3GTYIJmfiy7yicLeqj","spotify:track:0hq5mE9kYU4Sy2PpdZwGol","spotify:track:6lAqwGwFzQ44SrODqr0NmQ","spotify:track:0BzxqwlOpRt6gIHgz2fwx0","spotify:track:0qOnSQQF0yzuPWsXrQ9paz","spotify:track:126fRzagfqQvb3qrYVUV9T","spotify:track:07uuo1yEND3oinbFZnYOvx","spotify:track:1Je1IMUlBXcx1Fz0WE7oPT"]},"chosen_tracks":["spotify:track:3DHTflyfRnYcgNS7IKSGtB","spotify:track:5TbzAWWc5eJaANpA9kfGCd","spotify:track:5t6mxGSbrfKjocqUlsyAZH","spotify:track:3qD3IT0t8QnkD80DEYvRgr","spotify:track:7kvW5s7L5uUCdim5N0Z7yx","spotify:track:6x4tKaOzfNJpEJHySoiJcs","spotify:track:6AvvAzzOEUs9orFhDkOPOl"],"feedback":"Liedjes om mee te zingen en energizers "}