{"user_id":"7f631bb780dde845d62a12a73cbe7be9","top_tracks":{"tracks_long_term":["spotify:track:2V8dD7KmbfSFm2GrYDXveo","spotify:track:0JP9xo3adEtGSdUEISiszL","spotify:track:1YHulXIy2DNnYOg1okzeex","spotify:track:6mgexmUT7AbuOPumrScmsQ","spotify:track:1fLJxyaInJxS2Yo6PPGxZq","spotify:track:4UKCKdYiLN6IMA5ZESUTL7","spotify:track:4Gm8HakHZTz4696PDZvrp3","spotify:track:2oe6dDthgthqUkfL3czpEd","spotify:track:6nG5qIMJ7ZoGJIjBWqDj53","spotify:track:5tTfMu56HPL7Noh4XRv27O"],"artists_long_term":["spotify:artist:2TM0qnbJH4QPhGMCdPt7fH","spotify:artist:0nq64XZMWV1s7XHXIkdH7K","spotify:artist:15UsOTVnJzReFVN1VCnxy4","spotify:artist:05SdqPzK4m3k1ljK2wrTSP","spotify:artist:73sIBHcqh3Z3NyqHKZ7FOL","spotify:artist:6vwjIs0tbIiseJMR3pqwiL","spotify:artist:4Ly0KABsxlx4fNj63zJTrF","spotify:artist:1GLtl8uqKmnyCWxHmw9tL4","spotify:artist:4LlDtNr8qFwhrT8eL2wzH4","spotify:artist:3YQKmKGau1PzlVlkL1iodx"]},"chosen_tracks":["spotify:track:1IT0WQk5J8NsaeII8ktdlZ","spotify:track:5l4Ldg6QW3Szx2y5ruQ0H8","spotify:track:7eJMfftS33KTjuF7lTsMCx","spotify:track:3ouugfdFz6exFXUxu7wRvD","spotify:track:1EPqcEdcqdKqQHGHV8myqR","spotify:track:5wQnmLuC1W7ATsArWACrgW","spotify:track:6QLTabgzA4CXdXrCV7aTuV","spotify:track:5rZPu3Hdz9v8y2dNi2eoTg"],"feedback":"Chill songs and songs I like"}