{"user_id":"7fd0f829453b0b7e6eec0fe2fdc6e287","top_tracks":{"artists_short_term":["spotify:artist:6xt9sJmmyYwWkJv8A6ssiU","spotify:artist:0nmQIMXWTXfhgOBdNzhGOs","spotify:artist:2a4lU7F8toqKpb5v6Ftqya","spotify:artist:1kF0gYnHLUJvFuPdoowO02","spotify:artist:5BtHciL0e0zOP7prIHn3pP","spotify:artist:7pXu47GoqSYRajmBCjxdD6","spotify:artist:0DbbnkFMhhDvinDYIiHhGS","spotify:artist:4T2dM5C2Pl8SuoQyjSgy4n","spotify:artist:70BYFdaZbEKbeauJ670ysI","spotify:artist:4DWX7u8BV0vZIQSpJQQDWU"],"tracks_short_term":["spotify:track:4vYxciR6WqYvrMD7BWoVp7","spotify:track:13QZb2ua0JY2VJU9wG4PmQ","spotify:track:1U1OeyPu6frcUUrSZ14PjH","spotify:track:3v19cKJVDIstaTbo6nonuD","spotify:track:1sZvOfUl5tXwKtDDLYwGyl","spotify:track:6EVHRuzEoCjYxs4uq5HH4W","spotify:track:4Re3BkmG5JYl2bB2s0yV2b","spotify:track:1Pi30Em9cF8pKqAhTSULJW","spotify:track:3WJ9kGj30zXsIEEo1fdKfv","spotify:track:2MZSXhq4XDJWu6coGoXX1V"],"tracks_medium_term":["spotify:track:5goKcDajN2VZ6owWdRk6lQ","spotify:track:3zSqVXRt2uc8Wi8S9ivzSj","spotify:track:1I3HTXuNYqmDYWywwf2v9h","spotify:track:4ZReuzjoiFMVWwly2NccJh","spotify:track:6yxnZ5i0BxGdyuKDUyM1dj","spotify:track:5sFiT8CXyGDuMmhs796ttP","spotify:track:1U1OeyPu6frcUUrSZ14PjH","spotify:track:4Re3BkmG5JYl2bB2s0yV2b","spotify:track:3WJ9kGj30zXsIEEo1fdKfv","spotify:track:7qkrT0u99vCB2Ktp1fQXd1"],"artists_medium_term":["spotify:artist:2a4lU7F8toqKpb5v6Ftqya","spotify:artist:6xt9sJmmyYwWkJv8A6ssiU","spotify:artist:5BtHciL0e0zOP7prIHn3pP","spotify:artist:0d1nFNO90pwRmCeeqjOx2Q","spotify:artist:0DbbnkFMhhDvinDYIiHhGS","spotify:artist:7pXu47GoqSYRajmBCjxdD6","spotify:artist:0nmQIMXWTXfhgOBdNzhGOs","spotify:artist:6FBDaR13swtiWwGhX1WQsP","spotify:artist:1kF0gYnHLUJvFuPdoowO02","spotify:artist:4lnwcv2fzQL7Y7bguVBvQ9"],"tracks_long_term":["spotify:track:7x8dCjCr0x6x2lXKujYD34","spotify:track:4fOXWqs3EYMFOA5t6nEb8g","spotify:track:2AQq1I0LiIgfJ7vVLptvy8","spotify:track:1SHA4IJyiyNobDOrQzFFXy","spotify:track:1KGxhzja9uGBD96Y67I8qK","spotify:track:3HYERBMUUHEMP1M13Cut15","spotify:track:7g3xNt3jm47XwxFdBaihOv","spotify:track:2tGw8htipv9iWOQGTVynnV","spotify:track:67YAqkaZxcLMpYvlVrokWK","spotify:track:1MQTmpYOZ6fcMQc56Hdo7T"],"artists_long_term":["spotify:artist:5BtHciL0e0zOP7prIHn3pP","spotify:artist:7pXu47GoqSYRajmBCjxdD6","spotify:artist:1kF0gYnHLUJvFuPdoowO02","spotify:artist:0DbbnkFMhhDvinDYIiHhGS","spotify:artist:0d1nFNO90pwRmCeeqjOx2Q","spotify:artist:70BYFdaZbEKbeauJ670ysI","spotify:artist:4iJLPqClelZOBCBifm8Fzv","spotify:artist:4DWX7u8BV0vZIQSpJQQDWU","spotify:artist:49qiE8dj4JuNdpYGRPdKbF","spotify:artist:2d0hyoQ5ynDBnkvAbJKORj"]},"chosen_tracks":["spotify:track:1U1OeyPu6frcUUrSZ14PjH","spotify:track:2tf3JRc4xvg53QZZ1SrYq3","spotify:track:5ynxx6zC4dgzsMHLYQ04Dc","spotify:track:0BYd7DPVf2tolERLvvllSb","spotify:track:6XrZpCEXMPT5YkXYJ4OSCf","spotify:track:3Ddgh4ZwVIkLx0f4WeDFmo","spotify:track:4VymMhILk4DSwghPkLUPVS","spotify:track:5eFxwmqKrHpSQDOEIFYlgY","spotify:track:7wjmwD5nIYWVnHiR3X3PTO","spotify:track:0Y8kxAuBh8Oc8n6cyDTQ8Q"],"feedback":""}