{"user_id":"835c26642e0f6a6c91eafe3cc44cab3f","top_tracks":{"artists_short_term":["spotify:artist:06HL4z0CvFAxyc27GXpf02","spotify:artist:58hFVpwYRp8sQdtANcMpiE","spotify:artist:44NX2ffIYHr6D4n7RaZF7A","spotify:artist:6OG9fZ1LKXyL0hShRmmnq1","spotify:artist:66CXWjxzNUsdJxJ2JdwvnR","spotify:artist:6KOqPxwfNAmZPkiCnDE9yT","spotify:artist:530Sdm7eqqzWBdDmILMgnu","spotify:artist:7Lf3LOZp3U3u2f6cWMd3AH","spotify:artist:6S2OmqARrzebs0tKUEyXyp","spotify:artist:1KCSPY1glIKqW2TotWuXOR"],"artists_medium_term":["spotify:artist:0ZLfGbfO9xjpfna1pN8BeX","spotify:artist:56oDRnqbIiwx4mymNEv7dS","spotify:artist:6eUKZXaKkcviH0Ku9w2n3V","spotify:artist:3FTKP1k9VbOng3m1rgnsqx","spotify:artist:1PJVVIeS5Wu0wbZDhtC0Ht","spotify:artist:27DCwiPx5ocQsf4K43SlIL","spotify:artist:06HL4z0CvFAxyc27GXpf02","spotify:artist:2jgPkn6LuUazBoBk6vvjh5","spotify:artist:6OG9fZ1LKXyL0hShRmmnq1","spotify:artist:66CXWjxzNUsdJxJ2JdwvnR"],"tracks_short_term":["spotify:track:5CalS8Gn69OOrR9aiw0ZO9","spotify:track:30ssAaj0qfOoaKLPvCPcK4","spotify:track:0KztjtD3ytzgYjUKIVfBnW","spotify:track:0JWaEkQmU8oaSukOBCbrJC","spotify:track:1dGr1c8CrMLDpV6mPbImSI","spotify:track:7lGKEWMXVWWTt3X71Bv44I","spotify:track:5BNxLlPzaAyGKj09vSbZC3","spotify:track:0gp6wPoPamLLwYup5Rimba","spotify:track:2cEVcPslk7RwcqDpLA6Mhu","spotify:track:0D0DiZPZYaWGOzI0IwFGKD"],"tracks_medium_term":["spotify:track:1wRIRVwfQS1rE99l0owSjc","spotify:track:6bQDOThuAyOYVFomm36lR4","spotify:track:5CalS8Gn69OOrR9aiw0ZO9","spotify:track:2b8fOow8UzyDFAE27YhOZM","spotify:track:0JWaEkQmU8oaSukOBCbrJC","spotify:track:30ssAaj0qfOoaKLPvCPcK4","spotify:track:1dGr1c8CrMLDpV6mPbImSI","spotify:track:3YnoPdlEqOnxvpkjlpvi7M","spotify:track:7lGKEWMXVWWTt3X71Bv44I","spotify:track:4VsLgscBMWPiwCTi8SNjJR"],"tracks_long_term":["spotify:track:0tgVpDi06FyKpA1z0VMD4v","spotify:track:7D5vAulNfrQV6xEwzgH0OF","spotify:track:4dFpc8oA3SroWIKyMQNINT","spotify:track:3fbsBHCCaZdnUGgUsTzELe","spotify:track:4YjUv248GV94oMUjg1j5kJ","spotify:track:0nJW01T7XtvILxQgC5J7Wh","spotify:track:1Pw5C4N6Fn5E4mGCxmbbVa","spotify:track:06KyNuuMOX1ROXRhj787tj","spotify:track:42ydLwx4i5V49RXHOozJZq","spotify:track:0czEmfEKeXL49MppNdQhxB"],"artists_long_term":["spotify:artist:6eUKZXaKkcviH0Ku9w2n3V","spotify:artist:7dGJo4pcD2V6oG8kP0tJRR","spotify:artist:5WUlDfRSoLAfcVSX1WnrxN","spotify:artist:7n2wHs1TKAczGzO7Dd2rGr","spotify:artist:0du5cEVh5yTK9QJze8zA0C","spotify:artist:4dpARuHxo51G3z768sgnrY","spotify:artist:6JL8zeS1NmiOftqZTRgdTz","spotify:artist:2gsggkzM5R49q6jpPvazou","spotify:artist:1KCSPY1glIKqW2TotWuXOR","spotify:artist:1uNFoZAHBGtllmzznpCI3s"]},"chosen_tracks":["spotify:track:05DLaMg1mkKC5PM5lo9PGf","spotify:track:7tx8ipkqiZLToKtaTRNSb7","spotify:track:5KsH7isHgKDs27zBpjHd8D","spotify:track:0ruVQyoRlTsHgjKKQL68c2","spotify:track:7sgWguDLEA8CPza9LtKmhK","spotify:track:4k01JO5WzLZgXUqbp28HrD","spotify:track:2lEerh9gGFfTWzxsxT97Bv","spotify:track:0dOP9KgerocyNXenyc8mNu","spotify:track:5yOiD7wDruoFDJHpVVQUTt","spotify:track:2cn0lN42Ajz1nkq1jq2ul2"],"feedback":""}