{"user_id":"84e0f4ead970c2393a03892008223e68","top_tracks":{"artists_long_term":["spotify:artist:6G2QwSOr4uZftJwKzMmwff","spotify:artist:7KMqksf0UMdyA0UCf4R3ux","spotify:artist:04gDigrS5kc9YWfZHwBETP","spotify:artist:1Fmb52lZ6Jv7FMWXXTPO3K","spotify:artist:4gcipKWBhb1Mgj1lj22442","spotify:artist:6LqNN22kT3074XbTVUrhzX","spotify:artist:5slpk6nu2IwwKx0EHe3GcL","spotify:artist:3IYUhFvPQItj6xySrBmZkd"],"tracks_long_term":["spotify:track:2yClC3P8Uxo42DXQGMAPJz","spotify:track:1ArynHky666YnPMkKoxR4g","spotify:track:1TATyQoVcQFLsTlW527M5S","spotify:track:1SYCwuEluIfQpmJJOsv5KP","spotify:track:4VpiKSz33olPiL8nNyn3IH","spotify:track:161dmz3rv9bhSeAPzRSmu8","spotify:track:1pyyjVXhgcJ5wKADb8Ax4C","spotify:track:7I2ahFd0rpVHBhZb6A8VOP","spotify:track:7aCROxFTnbLoN1LH4plquB","spotify:track:7kFf4oUgDhtZ4gvopmtJ3F"]},"chosen_tracks":["spotify:track:59fQzvSv0wPQorW2Bh0pns","spotify:track:3ear11tYbMEmNDm2lxZTqL","spotify:track:11Ojp7JniVvwd0gmgvyKkd","spotify:track:3OZVqx1YsqDDkxQ6TnmHtn","spotify:track:0dbzWSYpMcRtwjI1S7Pkql"],"feedback":""}