{"user_id":"8a9231bffa9db038e16fdd7d46dc87e7","top_tracks":{"artists_long_term":["spotify:artist:7mEIug7XUlQHikrFxjTWes","spotify:artist:6eoJpTIlcuxJNjV5fDzDJH","spotify:artist:3D2GUXbtlL3r2d5HJEnsFD","spotify:artist:1HoWbJFK5RdH4OAtpoxbgR","spotify:artist:7rgKxnnBAsZ7Q04d6jICu6","spotify:artist:1vCWHaC5f2uS3yhpwWbIA6","spotify:artist:04gDigrS5kc9YWfZHwBETP","spotify:artist:1HBjj22wzbscIZ9sEb5dyf","spotify:artist:23fqKkggKUBHNkbKtXEls4","spotify:artist:60d24wfXkVzDSfLS6hyCjZ"],"tracks_long_term":["spotify:track:5l0mUA4hwewx7cj8KzBGGE","spotify:track:6Ce5ieGvLj60GeUu2Ql7YN","spotify:track:0SoJGLKvZfxsYjEIU2vbYt","spotify:track:0m86OeKQHxdpygDPzGQUPK","spotify:track:1ZaWR909NbpUVEAxpgf7hW","spotify:track:21m0ayDMBpAtwctCtVvAtS","spotify:track:2o4iWZOFE8kkl0tK66WADw","spotify:track:31kf5nGp5YIcbNgqtRTmib","spotify:track:4KTXJAkUtqYVmrNLmMFdgO","spotify:track:55f8mzGPuWLoJn7B0LeyTO"]},"chosen_tracks":["spotify:track:6vzj8d0yOzg3ELH2T4u0CC","spotify:track:4GrQPpjaZmBf67b9Uh83T8","spotify:track:2x7VFpoHN8eutpliLKFfuh","spotify:track:4RcnmTxXB0IOGJnQXLSyb2","spotify:track:6cMVopr4k5Fexl6zjB2EDr"],"feedback":""}