{"user_id":"8c77e9bcf77925595462ddac1f4d2194","top_tracks":{"artists_short_term":["spotify:artist:0ZMWrgLff357yxLyEU77a1","spotify:artist:5oERdzrfb6kmNMzPNINZib"],"tracks_short_term":["spotify:track:4kxYIvDIpWTrZgHn3sYxxC","spotify:track:0RUgaUj53CHbSVC2Q2F5d0","spotify:track:2b8fOow8UzyDFAE27YhOZM","spotify:track:37W7xr1i0ByirCDVUV7TUs","spotify:track:4IRpbTrTCHkP3aeRO48tZs","spotify:track:1nsjrgtg9EPwjRz0YvgEaN","spotify:track:4Tm7vJMSIcb8FcrLsLnirt","spotify:track:5WZh4sv62fSXNgmhb1aU0C","spotify:track:3deUFJzGwnWTsTel4EeEeV","spotify:track:66H8Pon5ZiRE4p8W4OOf6I"],"artists_medium_term":["spotify:artist:0ZMWrgLff357yxLyEU77a1","spotify:artist:04gDigrS5kc9YWfZHwBETP","spotify:artist:7jy3rLJdDQY21OgRLCZ9sD","spotify:artist:3MM8mtgFzaEJsqbjZBSsHJ","spotify:artist:5oERdzrfb6kmNMzPNINZib","spotify:artist:3qm84nBOXUEQ2vnTfUTTFC","spotify:artist:22WZ7M8sxp5THdruNY3gXt","spotify:artist:36QJpDe2go2KgaRleHCDTp","spotify:artist:4NpFxQe2UvRCAjto3JqlSl"],"artists_long_term":["spotify:artist:0ZMWrgLff357yxLyEU77a1","spotify:artist:04gDigrS5kc9YWfZHwBETP","spotify:artist:6XyY86QOPPrYVGvF9ch6wz","spotify:artist:5JZ7CnR6gTvEMKX4g70Amv","spotify:artist:7k73EtZwoPs516ZxE72KsO","spotify:artist:7jy3rLJdDQY21OgRLCZ9sD","spotify:artist:3MM8mtgFzaEJsqbjZBSsHJ","spotify:artist:5oERdzrfb6kmNMzPNINZib","spotify:artist:3qm84nBOXUEQ2vnTfUTTFC","spotify:artist:22WZ7M8sxp5THdruNY3gXt"],"tracks_long_term":["spotify:track:4kxYIvDIpWTrZgHn3sYxxC","spotify:track:0RUgaUj53CHbSVC2Q2F5d0","spotify:track:2b8fOow8UzyDFAE27YhOZM","spotify:track:4IRpbTrTCHkP3aeRO48tZs","spotify:track:37W7xr1i0ByirCDVUV7TUs","spotify:track:1nsjrgtg9EPwjRz0YvgEaN","spotify:track:4Tm7vJMSIcb8FcrLsLnirt","spotify:track:5WZh4sv62fSXNgmhb1aU0C","spotify:track:66H8Pon5ZiRE4p8W4OOf6I","spotify:track:07sO3Qp8o08D3wyLh0Fnkg"],"tracks_medium_term":["spotify:track:4kxYIvDIpWTrZgHn3sYxxC","spotify:track:0RUgaUj53CHbSVC2Q2F5d0","spotify:track:2b8fOow8UzyDFAE27YhOZM","spotify:track:4IRpbTrTCHkP3aeRO48tZs","spotify:track:37W7xr1i0ByirCDVUV7TUs","spotify:track:1nsjrgtg9EPwjRz0YvgEaN","spotify:track:4Tm7vJMSIcb8FcrLsLnirt","spotify:track:5WZh4sv62fSXNgmhb1aU0C","spotify:track:66H8Pon5ZiRE4p8W4OOf6I","spotify:track:3deUFJzGwnWTsTel4EeEeV"]},"chosen_tracks":["spotify:track:2b8fOow8UzyDFAE27YhOZM","spotify:track:4kxYIvDIpWTrZgHn3sYxxC","spotify:track:4Tm7vJMSIcb8FcrLsLnirt","spotify:track:0RUgaUj53CHbSVC2Q2F5d0","spotify:track:4xbrgqQF8bzy22K8JhtFM9"],"feedback":""}