{"user_id":"9698745487fb36abecdf11a5a3bfda5d","top_tracks":{"artists_short_term":["spotify:artist:69f5J6OIgAP1G54zQfesv1","spotify:artist:4lgrzShsg2FLA89UM2fdO5","spotify:artist:11bnNpakfiBkP6MqpyrRjD","spotify:artist:6lzQPZ6F0nbBwURrcDH58N","spotify:artist:4X42BfuhWCAZ2swiVze9O0","spotify:artist:0ybFZ2Ab08V8hueghSXm6E","spotify:artist:0Op82sqzI45fNMecmDiJDx","spotify:artist:2YZyLoL8N0Wb9xBt1NhZWg","spotify:artist:0vxxsjcDy61x5zvrOqwHIL","spotify:artist:54KCNI7URCrG6yjQK3Ukow"],"tracks_short_term":["spotify:track:2bSGk5rS4y1Nl1eTyA2Lav","spotify:track:6rIwcMGcZtPdpi6U9llpb0","spotify:track:3KIXIZiVup7a611rqTk1tk","spotify:track:73Fxk8o08fxguSJbpjpJQx","spotify:track:1BVc3nm9nJpqIbCumwunw1","spotify:track:193ixOrrAX9J7tTU1YNpF2","spotify:track:1tqlJ9xxtOgTdSOG41IxGt","spotify:track:4dGvJdgbioqz789zCKwUkP","spotify:track:6okU9uPb6V7U4IgeTCe6HE","spotify:track:2hppXeZHOtss6dRotiuQo0"],"artists_medium_term":["spotify:artist:4lgrzShsg2FLA89UM2fdO5","spotify:artist:0ybFZ2Ab08V8hueghSXm6E","spotify:artist:69f5J6OIgAP1G54zQfesv1","spotify:artist:0wQa1N4q3HmLwxqkpVcYhs","spotify:artist:4X42BfuhWCAZ2swiVze9O0","spotify:artist:6lzQPZ6F0nbBwURrcDH58N","spotify:artist:11bnNpakfiBkP6MqpyrRjD","spotify:artist:0Op82sqzI45fNMecmDiJDx","spotify:artist:54KCNI7URCrG6yjQK3Ukow","spotify:artist:6rX8AFY10dsJkJsv23Z9Um"],"tracks_medium_term":["spotify:track:2bSGk5rS4y1Nl1eTyA2Lav","spotify:track:6rIwcMGcZtPdpi6U9llpb0","spotify:track:4kGPw485VZSyInIZ0JjL1u","spotify:track:73Fxk8o08fxguSJbpjpJQx","spotify:track:3w6ZkYtNRwgbQ7qxnRpHRK","spotify:track:75WSs716E5XyIgn982J2ah","spotify:track:02WdcrgTHRNmcxShMGS9Hl","spotify:track:1HCmAAddTKx3175R0JpPNn","spotify:track:3eoNUm0LU9hATVVi9w4fM6","spotify:track:4dGvJdgbioqz789zCKwUkP"],"tracks_long_term":["spotify:track:2bSGk5rS4y1Nl1eTyA2Lav","spotify:track:0rzMHOoTHTEuIIemojtn5K","spotify:track:2QHFKUUzNt22DluwAIU87F","spotify:track:1Jnp6In3o2qarJS6mPP8px","spotify:track:5GbkQHuX5IUJBiLMK75zDW","spotify:track:3toiHXVGVphQBuTtpkTDZ5","spotify:track:1Ty15NinVxU6sJkfAGv2OV","spotify:track:5tRb0Y2bloJGI8uskuAtRL","spotify:track:2RynjsllcPi1FFQZdXR9vW","spotify:track:07y7NmHl9ez37luZJfs7UZ"],"artists_long_term":["spotify:artist:0ybFZ2Ab08V8hueghSXm6E","spotify:artist:4lgrzShsg2FLA89UM2fdO5","spotify:artist:4X42BfuhWCAZ2swiVze9O0","spotify:artist:3kZdsaTYgaaolNxpnJ4iDe","spotify:artist:1Dvfqq39HxvCJ3GvfeIFuT","spotify:artist:0Op82sqzI45fNMecmDiJDx","spotify:artist:11bnNpakfiBkP6MqpyrRjD","spotify:artist:23ytwhG1pzX6DIVWRWvW1r","spotify:artist:6rX8AFY10dsJkJsv23Z9Um","spotify:artist:54KCNI7URCrG6yjQK3Ukow"]},"chosen_tracks":["spotify:track:2bSGk5rS4y1Nl1eTyA2Lav","spotify:track:5S3F5GL8LASIjPg2PMiU1Q","spotify:track:4dGvJdgbioqz789zCKwUkP","spotify:track:38KkuEgkcdrxOIbqijawtU","spotify:track:2WoG7dfDP1oTVGIJLxVeWs","spotify:track:3KIXIZiVup7a611rqTk1tk","spotify:track:5cxmpBhMn4Wxs4ZyHLv4mR","spotify:track:1arn1AwDxrsylmS8SBG2y1","spotify:track:2QHFKUUzNt22DluwAIU87F","spotify:track:5tRb0Y2bloJGI8uskuAtRL"],"feedback":""}