{"user_id":"a609c0e9802a63324642d3d4a9f1fb5e","top_tracks":{"tracks_long_term":["spotify:track:0h8VX60lat4433GnbP6vQs","spotify:track:05RgAMGypEvqhNs5hPCbMS","spotify:track:3V1H6liHwCDcWeqdPJabOM","spotify:track:6rUp7v3l8yC4TKxAAR5Bmx","spotify:track:0JW2MUtFeDqU8dYMgJqOQ8","spotify:track:1HkFpCext8ItHtStgd3PFq","spotify:track:1MTQHCpraD4S8g5PAFKzoj","spotify:track:1O9DWF3578RHMxZg2nLPeM","spotify:track:1vNoA9F5ASnlBISFekDmg3","spotify:track:2sGhn8rcR2qrMymhDIfxyO"]},"chosen_tracks":["spotify:track:5mc6EyF1OIEOhAkD0Gg9Lc","spotify:track:1I4el8B1ZZKF3OGzmXDH9T","spotify:track:4GMQOjbWshf4Mzphkjg0DJ","spotify:track:2t3ezqieuK6RRav66q9bQF","spotify:track:7slyp653Si99N4yQcJ2E9T","spotify:track:6gZVQvQZOFpzIy3HblJ20F","spotify:track:52XYwQKlXp7scE7KrBBCID","spotify:track:0JKY13K1Io2aqXJb96UyzX","spotify:track:6ZsZxNP4Iwdyp3kd5oFFQN","spotify:track:0Cnx6PGogxIE2RnDcnoeK8"],"feedback":"Bit of a mix, getting soft in my old age. Lyrically a song has to evoke some emotion. "}