{"user_id":"a81320bd8b4f7438e5c37f5406c28f92","top_tracks":{"artists_short_term":["spotify:artist:053q0ukIDRgzwTr4vNSwab","spotify:artist:3luonLzvSOxdU8ytCaEIK8","spotify:artist:7orlzf5LTqSnCzURkZFebN","spotify:artist:00FQb4jTyendYWaN8pK0wa","spotify:artist:25uiPmTg16RbhZWAqwLBy5","spotify:artist:3Uqu1mEdkUJxPe7s31n1M9","spotify:artist:1HY2Jd0NmPuamShAr6KMms","spotify:artist:2h93pZq0e7k5yf4dywlkpM","spotify:artist:4LEiUm1SRbFMgfqnQTwUbQ","spotify:artist:163tK9Wjr9P9DmM0AVK7lm"],"tracks_short_term":["spotify:track:1VCR3eiEan5BedLmg7zahz","spotify:track:7g29k0mhgKVUE7nl5YZn4R","spotify:track:1PPXvuqGAF3UCbsveKoOIV","spotify:track:7yrFzNnTlZ9IgyWLNW3uv3","spotify:track:6QI7vUgqhdIy9YtteiA2IH","spotify:track:3hwQhakFwm9soLEBnSDH17","spotify:track:7cm1IlAZyCn2XDHLgr6q2r","spotify:track:3sqmHaUVKizwwoKsHMVc1U","spotify:track:0sbH3fZyPXFms63UoWIVen","spotify:track:4yuLbCIk2BXKbyJBKp6wti"],"artists_medium_term":["spotify:artist:00FQb4jTyendYWaN8pK0wa","spotify:artist:053q0ukIDRgzwTr4vNSwab","spotify:artist:3Uqu1mEdkUJxPe7s31n1M9","spotify:artist:2h93pZq0e7k5yf4dywlkpM","spotify:artist:163tK9Wjr9P9DmM0AVK7lm","spotify:artist:3luonLzvSOxdU8ytCaEIK8","spotify:artist:7orlzf5LTqSnCzURkZFebN","spotify:artist:1QAJqy2dA3ihHBFIHRphZj","spotify:artist:7ltDVBr6mKbRvohxheJ9h1","spotify:artist:25uiPmTg16RbhZWAqwLBy5"],"tracks_medium_term":["spotify:track:0cAGNiWXRAXX1QKn3Ssbzd","spotify:track:1VCR3eiEan5BedLmg7zahz","spotify:track:5wN3b5AtoOFVCoQW0ldhGD","spotify:track:3hwQhakFwm9soLEBnSDH17","spotify:track:7g29k0mhgKVUE7nl5YZn4R","spotify:track:5b0DJPEs6UUlDmpZuoDD2X","spotify:track:3RIgHHpnFKj5Rni1shokDj","spotify:track:0QmLOjEusrUI7EraPfPOtU","spotify:track:1PPXvuqGAF3UCbsveKoOIV","spotify:track:3NQMi6VzmxmKeqhcbE02WI"],"tracks_long_term":["spotify:track:3hwQhakFwm9soLEBnSDH17","spotify:track:0cAGNiWXRAXX1QKn3Ssbzd","spotify:track:1VCR3eiEan5BedLmg7zahz","spotify:track:3RIgHHpnFKj5Rni1shokDj","spotify:track:5wN3b5AtoOFVCoQW0ldhGD","spotify:track:7KA4W4McWYRpgf0fWsJZWB","spotify:track:6T55i1r4hwc3t6r40FB8pw","spotify:track:0I4yYE831a8SW8QIx6bz4x","spotify:track:19YKaevk2bce4odJkP5L22","spotify:track:0cLS7FslBJgsuWwJNRnPWB"],"artists_long_term":["spotify:artist:00FQb4jTyendYWaN8pK0wa","spotify:artist:053q0ukIDRgzwTr4vNSwab","spotify:artist:2h93pZq0e7k5yf4dywlkpM","spotify:artist:4V8LLVI7PbaPR0K2TGSxFF","spotify:artist:163tK9Wjr9P9DmM0AVK7lm","spotify:artist:25uiPmTg16RbhZWAqwLBy5","spotify:artist:3Nrfpe0tUJi4K4DXYWgMUX","spotify:artist:1QAJqy2dA3ihHBFIHRphZj","spotify:artist:3Uqu1mEdkUJxPe7s31n1M9","spotify:artist:3luonLzvSOxdU8ytCaEIK8"]},"chosen_tracks":["spotify:track:3sqmHaUVKizwwoKsHMVc1U","spotify:track:59eTbibtvvBIGj27eN3zqq","spotify:track:0sbH3fZyPXFms63UoWIVen","spotify:track:1VCR3eiEan5BedLmg7zahz","spotify:track:2wuF5I3a4AmuRE0G5bQxgG","spotify:track:3hwQhakFwm9soLEBnSDH17","spotify:track:75pQd26khpV9EMVBRIeDm6","spotify:track:2QsquiKBcjvDUlO6QyvMEs"],"feedback":"Just some of my favourite tunes of the last few months"}