{"user_id":"aa24ee605689d5d871bced7f662b42b9","top_tracks":{"artists_medium_term":["spotify:artist:4NHQUGzhtTLFvgF5SZesLK","spotify:artist:5ZsFI1h6hIdQRw2ti0hz81","spotify:artist:4nDoRrQiYLoBzwC5BhVJzF","spotify:artist:5Rl15oVamLq7FbSb0NNBNy","spotify:artist:6b5YOgXIliAozdo49vUCJQ","spotify:artist:4Q6nIcaBED8qUel8bBx6Cr","spotify:artist:6KImCVD70vtIoJWnq6nGn3","spotify:artist:26VFTg2z8YR0cCuwLzESi2","spotify:artist:6qqNVTkY8uBg9cP3Jd7DAH","spotify:artist:1u7uShzlA1tXJeox3jMFPq"],"tracks_medium_term":["spotify:track:6fenHIxXuuzKB55wY4WCHP","spotify:track:29R1IMTTbDDA3VNlk6UEW5","spotify:track:24Yi9hE78yPEbZ4kxyoXAI","spotify:track:3cphb8kdsjElYR7r5icK3H","spotify:track:2qoIbcyKPpe3BKifpAfh53","spotify:track:2jQiSYrwJehQAcuaaQrXnS","spotify:track:5pAbCxt9e3f81lOmjIXwzd","spotify:track:0zFComc9VzjCKWm4PSbIJk","spotify:track:1JRK7srBWUtAW7dPabKBwJ","spotify:track:41L3O37CECZt3N7ziG2z7l"],"artists_long_term":["spotify:artist:4NHQUGzhtTLFvgF5SZesLK","spotify:artist:66CXWjxzNUsdJxJ2JdwvnR","spotify:artist:26VFTg2z8YR0cCuwLzESi2","spotify:artist:738wLrAtLtCtFOLvQBXOXp","spotify:artist:6M2wZ9GZgrQXHCFfjv46we","spotify:artist:1kDGbuxWknIKx4FlgWxiSp","spotify:artist:5pKCCKE2ajJHZ9KAiaK11H","spotify:artist:1Xyo4u8uXC1ZmMpatF05PJ","spotify:artist:5Rl15oVamLq7FbSb0NNBNy","spotify:artist:4Q6nIcaBED8qUel8bBx6Cr"],"tracks_long_term":["spotify:track:4FqrgfKej2jv450UFW6PP8","spotify:track:2erKWv8weLYKZDqfBn3TPG","spotify:track:6f1TlAgaapJspwrpWYlLkM","spotify:track:72zuQJFUUk2iTd9ItBgmYi","spotify:track:6kex4EBAj0WHXDKZMEJaaF","spotify:track:2Sx6EqFWMHBgBezhxtas3e","spotify:track:3kfxarilcBr81mb2hmZLeh","spotify:track:56MrfuBtfyJwbSWDROJOcf","spotify:track:1IlChzvsOEOGy8va38hPbG","spotify:track:1UjCMbnYhGpTy5lL61j3Nd"]},"chosen_tracks":["spotify:track:5JCi3pyggvk4B0yd0BK3ow","spotify:track:4nfoivlWiz3fXkETBMaxR5","spotify:track:22vgEDb5hykfaTwLuskFGD","spotify:track:19Mp7IvFfaWu4LDBsxon4P","spotify:track:53NjleILyfXt7GYwTgxZX9","spotify:track:1zi7xx7UVEFkmKfv06H8x0","spotify:track:2mlGPkAx4kwF8Df0GlScsC","spotify:track:0k664IuFwVP557Gnx7RhIl","spotify:track:24Yi9hE78yPEbZ4kxyoXAI"],"feedback":""}