{"user_id":"b48783ac98af5dfaa6f179d6ccd65eea","top_tracks":{"tracks_short_term":["spotify:track:62dhSmROhppvuWyeCeC730","spotify:track:7AlNKooNm7iT5YinAeTTNx","spotify:track:47np4hXW3wIN3uL577Gwpr","spotify:track:3Z3o1DhxfdTseg1o7fjVtD","spotify:track:7nv4M6OoCpXUPDuuRyUPM9","spotify:track:0pLt4z90EzbN7lY9lky1Z9","spotify:track:1bObrsJGW0UCIGZkvnDqbe","spotify:track:1dvpYOsm6lIFXvGNN5AKfX","spotify:track:20dyFIpzzc649Aku3PfXwO","spotify:track:2cWVBN3jm1gm9ztho9Ca1E"],"artists_medium_term":["spotify:artist:3r2qdoM2Ryp8aBb3S3qIG1","spotify:artist:6eU0jV2eEZ8XTM7EmlguK6","spotify:artist:2hO4YtXUFJiUYS2uYFvHNK","spotify:artist:6qqNVTkY8uBg9cP3Jd7DAH","spotify:artist:3iyG1duuxWpcuWa57VSeZ0","spotify:artist:3gcuehaPKk7YQiNG19k4fX","spotify:artist:3w6sr0v1PArSe6JAwqk8Bl","spotify:artist:5zaXYwewAXedKNCff45U5l","spotify:artist:3jaQbO70ciAlPeA319SC6k","spotify:artist:0oSGxfWSnnOXhD2fKuz2Gy"],"tracks_medium_term":["spotify:track:7AlNKooNm7iT5YinAeTTNx","spotify:track:4MjpHPX0c1sL1QBQyqUE70","spotify:track:5hfI4QZTb4KgGO358YWh6J","spotify:track:0CTNLJMN9dMG4cl5qgsZSv","spotify:track:5O2BsH1isiTzyX6MugU2oL","spotify:track:6qhtgksVMGwAoqcPNrpj9p","spotify:track:4D7tOyEvUdzNvkDXuD0PQW","spotify:track:22GKOoU7q9YGhaedUzhlpT","spotify:track:2cWVBN3jm1gm9ztho9Ca1E","spotify:track:4WIBvQtm11KmyTVExfHM1b"],"tracks_long_term":["spotify:track:1VwMpgULH8mgFe0ccdsOxW","spotify:track:40riOy7x9W7GXjyGp4pjAv","spotify:track:7AlNKooNm7iT5YinAeTTNx","spotify:track:6b9xJlwCiwv1lSncxIcZVf","spotify:track:2X03dwb8wdVsTMLJiQbVWS","spotify:track:2j2UlNRmsEqVErHXcR3lra","spotify:track:3PzsLpCMpHViX7vxPtf4uE","spotify:track:3a9TMd2Yrza6HXqqlfMtfy","spotify:track:5kS8Xo06Jj1AXNwD934mE1","spotify:track:7B925Cpz9oAWN5N8GCdM7h"],"artists_long_term":["spotify:artist:6eU0jV2eEZ8XTM7EmlguK6","spotify:artist:3WrFJ7ztbogyGnTHbHJFl2","spotify:artist:22bE4uQ6baNwSHPVcDxLCe","spotify:artist:3eqjTLE0HfPfh78zjh6TqT","spotify:artist:2ihZ65wn1wxfifD7blxMNH","spotify:artist:0oSGxfWSnnOXhD2fKuz2Gy","spotify:artist:3r2qdoM2Ryp8aBb3S3qIG1","spotify:artist:0mXTJETA4XUa12MmmXxZJh","spotify:artist:3oDbviiivRWhXwIE8hxkVV","spotify:artist:1PCZpxHJz7WAMF8EEq8bfc"],"artists_short_term":["spotify:artist:3w6sr0v1PArSe6JAwqk8Bl","spotify:artist:5zaXYwewAXedKNCff45U5l","spotify:artist:6eU0jV2eEZ8XTM7EmlguK6","spotify:artist:6KJIIOCWsWtNc7ICINtPEw","spotify:artist:2nTjd2lNo1GVEfXM3bCnsh","spotify:artist:6FQqZYVfTNQ1pCqfkwVFEa","spotify:artist:3plJVWt88EqjvtuB4ZDRV3","spotify:artist:44NX2ffIYHr6D4n7RaZF7A","spotify:artist:3iyG1duuxWpcuWa57VSeZ0","spotify:artist:49HlOY4gkHqsYG9GCuhkcc"]},"chosen_tracks":["spotify:track:5nYLXzRNKFmet7SyMVugKA","spotify:track:5hfI4QZTb4KgGO358YWh6J","spotify:track:6dGnYIeXmHdcikdzNNDMm2","spotify:track:6PKOGoRNhAd01tltGGWg1s","spotify:track:6J3HNhDBIwEX11bX8hzx5u"],"feedback":""}