{"user_id":"b5c87ab9df9ce87bc2182d8b71c00797","top_tracks":{"artists_short_term":["spotify:artist:0CEFCo8288kQU7mJi25s6E","spotify:artist:0fGVuq5ed21pM7iWwTcMyk","spotify:artist:6qqNVTkY8uBg9cP3Jd7DAH"],"artists_medium_term":["spotify:artist:6wWVKhxIU2cEi0K81v7HvP","spotify:artist:0CEFCo8288kQU7mJi25s6E","spotify:artist:1189BemPY7h2lgaH1pkzGX","spotify:artist:0fGVuq5ed21pM7iWwTcMyk","spotify:artist:3YxkGgMvqCQA75aFpy6524","spotify:artist:0m0TiorOSocejSC71uaGM2","spotify:artist:6GUg2fRLklsnSJsG3PrTt0","spotify:artist:1bDWGdIC2hardyt55nlQgG","spotify:artist:7sTKZr30LqC928DZ5P9mNQ","spotify:artist:0YC192cP3KPCRWx8zr8MfZ"],"tracks_short_term":["spotify:track:38XLI79AodguP0ywsuDENE","spotify:track:1UBxg2NO6MxK5aOsMR9mtJ","spotify:track:0QwmCOZ42ereqLXqSqju2W","spotify:track:3NVYXqjBYy5caVac5RRNxj","spotify:track:4zEbG4Nh0SRqy8CiPdv2p3","spotify:track:0wynJcvxABifMtXWmVAzHE","spotify:track:1Cj2vqUwlJVG27gJrun92y","spotify:track:5KSM3OHO74UavMZFluOxTK","spotify:track:66R7rPKr6cODnizNJMCL5P","spotify:track:0K4A5xkyKOn1v86pkSNhLS"],"tracks_medium_term":["spotify:track:1UBxg2NO6MxK5aOsMR9mtJ","spotify:track:25MNmloqJpJNx4n2jXki9T","spotify:track:6WrTfg8T9jOaUPPlnVOFAV","spotify:track:38XLI79AodguP0ywsuDENE","spotify:track:4zEbG4Nh0SRqy8CiPdv2p3","spotify:track:0K4A5xkyKOn1v86pkSNhLS","spotify:track:6oyYKWTbYt5Zb8tIiLZbmH","spotify:track:3XUnEyS2m0cMaHYLON7skY","spotify:track:5NP9bhvIp2XGY3Xl0ICAub","spotify:track:5vZ4IeUenK2cHub2d7yfWk"],"artists_long_term":["spotify:artist:0CEFCo8288kQU7mJi25s6E","spotify:artist:6XyY86QOPPrYVGvF9ch6wz","spotify:artist:6wWVKhxIU2cEi0K81v7HvP","spotify:artist:378dH6EszOLFShpRzAQkVM","spotify:artist:2uFUBdaVGtyMqckSeCl0Qj","spotify:artist:5WUlDfRSoLAfcVSX1WnrxN","spotify:artist:1HY2Jd0NmPuamShAr6KMms","spotify:artist:53XhwfbYqKCa1cC15pYq2q","spotify:artist:1KCSPY1glIKqW2TotWuXOR","spotify:artist:5nGIFgo0shDenQYSE0Sn7c"],"tracks_long_term":["spotify:track:0E9ZjEAyAwOXZ7wJC0PD33","spotify:track:0n3sHHfdOq6Awix3JPe3xl","spotify:track:7tIXyFkZc4p3GTx5YQMbJl","spotify:track:3vcjd3xBkWmVB2ZznSyVXP","spotify:track:6cy83P2limyzaFSl3OoQe0","spotify:track:73Mfgc0HTZeNCoNrDI46sJ","spotify:track:1FJ9c5qIUfpoDqi2tDIW7U","spotify:track:46IDnrob6MiB5ARhtvfgM3","spotify:track:1bhUWB0zJMIKr9yVPrkEuI","spotify:track:7qiZfU4dY1lWllzX7mPBI3"]},"chosen_tracks":["spotify:track:5vZ4IeUenK2cHub2d7yfWk","spotify:track:6oyYKWTbYt5Zb8tIiLZbmH","spotify:track:0XUdYMSq58kreVe5u66Zav","spotify:track:6WrTfg8T9jOaUPPlnVOFAV","spotify:track:6gSM7SxQDHbBibGoUrxWbO","spotify:track:2DmbTDWgjXdRHLjqCcq4He","spotify:track:25MNmloqJpJNx4n2jXki9T","spotify:track:5P9qFmIiMqE6r2UfwVIdIZ","spotify:track:1bqmaIBGwlo4MtrAxjRDHB","spotify:track:4ddwTkVwdET026OXMgtdiJ"],"feedback":"This was hard to pick just 10 xD GOOD LUCK!!! "}