{"user_id":"b8dfde5a6f00969ad4d1034c3db8175f","top_tracks":{"artists_short_term":["spotify:artist:5m5Fh8zrb0uHM85qwkIkVT","spotify:artist:4LcUpNlXFEleaLlelmkv2R","spotify:artist:1HBjj22wzbscIZ9sEb5dyf","spotify:artist:4Q6nIcaBED8qUel8bBx6Cr","spotify:artist:1yxSLGMDHlW21z4YXirZDS","spotify:artist:1Cs0zKBU1kc0i8ypK3B9ai","spotify:artist:1MIVXf74SZHmTIp4V4paH4","spotify:artist:1vCWHaC5f2uS3yhpwWbIA6","spotify:artist:23fqKkggKUBHNkbKtXEls4","spotify:artist:3t5xRXzsuZmMDkQzgOX35S"],"tracks_short_term":["spotify:track:1DFD5Fotzgn6yYXkYsKiGs","spotify:track:7MnszoHQWGeE3HXRD1Jsjo","spotify:track:263LTQQjp6gLjxP2O7MFBD","spotify:track:1e8PAfcKUYoKkxPhrHqw4x","spotify:track:1pRShUtGOG6ZP5fsnw9G4h","spotify:track:4gMC0JNQITGa8wfTFsPu3f","spotify:track:5LpzUEzPfHN7YYKHbCJrmR","spotify:track:5qiQbOa6AFEO3P111y9Jry","spotify:track:2Fxmhks0bxGSBdJ92vM42m","spotify:track:5oqmJkJQcUAn16JmQinNeL"],"artists_medium_term":["spotify:artist:5m5Fh8zrb0uHM85qwkIkVT","spotify:artist:3Nrfpe0tUJi4K4DXYWgMUX","spotify:artist:6deZN1bslXzeGvOLaLMOIF","spotify:artist:4Q6nIcaBED8qUel8bBx6Cr","spotify:artist:04gDigrS5kc9YWfZHwBETP","spotify:artist:2xiIXseIJcq3nG7C8fHeBj","spotify:artist:1MIVXf74SZHmTIp4V4paH4","spotify:artist:1Cs0zKBU1kc0i8ypK3B9ai","spotify:artist:5wwneIFdawNgQ7GvKK29Z3","spotify:artist:20gsENnposVs2I4rQ5kvrf"],"tracks_medium_term":["spotify:track:3VYus1M8722JsGumhvVUUE","spotify:track:5OQsiBsky2k2kDKy2bX2eT","spotify:track:52pYYuXAin5eK1vrrpVtYg","spotify:track:2qABxQZhfAthNxszLiSsUw","spotify:track:4TIJ7zSBNejpoIPaWpWRKc","spotify:track:09IStsImFySgyp0pIQdqAc","spotify:track:58kZ9spgxmlEznXGu6FPdQ","spotify:track:3soOPBuMK8YMdWnV7xpEyf","spotify:track:7ECYPPA1STTchhFyRFbbbl","spotify:track:42a3YWzmL6INM3OzqO3hJP"],"tracks_long_term":["spotify:track:52pYYuXAin5eK1vrrpVtYg","spotify:track:3soOPBuMK8YMdWnV7xpEyf","spotify:track:0aKgCvKsrq5ELNSG3UiST7","spotify:track:3TUafDwB2Oygi8lyZlLyQt","spotify:track:16pwlVsypm4aDKMhXdOuXg","spotify:track:09IStsImFySgyp0pIQdqAc","spotify:track:3VYus1M8722JsGumhvVUUE","spotify:track:6lAqwGwFzQ44SrODqr0NmQ","spotify:track:7FxidSR6IoL3qMRXxFJ8pd","spotify:track:5OQsiBsky2k2kDKy2bX2eT"],"artists_long_term":["spotify:artist:2xiIXseIJcq3nG7C8fHeBj","spotify:artist:5m5Fh8zrb0uHM85qwkIkVT","spotify:artist:04gDigrS5kc9YWfZHwBETP","spotify:artist:6urzdpGY5yUimWZsgJUoTb","spotify:artist:6deZN1bslXzeGvOLaLMOIF","spotify:artist:2dQgOfBP52UwjegY8FwJAY","spotify:artist:1Cs0zKBU1kc0i8ypK3B9ai","spotify:artist:2DlGxzQSjYe5N6G9nkYghR","spotify:artist:0cwmNvclzPd8mQnoHuIksj","spotify:artist:6om12Ev5ppgoMy3OYSoech"]},"chosen_tracks":["spotify:track:7cv28LXcjAC3GsXbUvXKbX","spotify:track:1qhcUSJyKubL9ULXz9oJVB","spotify:track:4gbVRS8gloEluzf0GzDOFc","spotify:track:0aKgCvKsrq5ELNSG3UiST7","spotify:track:5OQsiBsky2k2kDKy2bX2eT","spotify:track:2YpeDb67231RjR0MgVLzsG","spotify:track:7xyYsOvq5Ec3P4fr6mM9fD","spotify:track:3VYus1M8722JsGumhvVUUE","spotify:track:3SWG8fGZq1L7NU8GkOWYPy","spotify:track:4mn2kNTqiGLwaUR8JdhJ1l"],"feedback":"Sample from my liked songs and some random ones"}