{"user_id":"b9a6a719f85bccced5660b130e4d0338","top_tracks":{"artists_short_term":["spotify:artist:3Nrfpe0tUJi4K4DXYWgMUX","spotify:artist:1hatwkL9sjz45yLimEcQOS","spotify:artist:053q0ukIDRgzwTr4vNSwab","spotify:artist:1Bl6wpkWCQ4KVgnASpvzzA","spotify:artist:26VFTg2z8YR0cCuwLzESi2"],"tracks_short_term":["spotify:track:3I399Xpg21DElMuEhkTeK8","spotify:track:4vTgx6h4seHvkuFh84JXYP","spotify:track:694vvR5o19xHPhhJ5QdLN7","spotify:track:2QyuXBcV1LJ2rq01KhreMF","spotify:track:3Dv1eDb0MEgF93GpLXlucZ","spotify:track:2Nib4r0saYQf2pUV4RFDhl","spotify:track:1xfXXujIlLZAx5wpu46Nyk","spotify:track:1sYADpC3ovFbsWV4QzJA0v","spotify:track:2xMBf5lFjQvrkWL2toULNg","spotify:track:4BKOjYosPhw334moS3wlbO"],"artists_medium_term":["spotify:artist:3Nrfpe0tUJi4K4DXYWgMUX","spotify:artist:1Bl6wpkWCQ4KVgnASpvzzA","spotify:artist:053q0ukIDRgzwTr4vNSwab","spotify:artist:246dkjvS1zLTtiykXe5h60","spotify:artist:2xe8IXgCTpwHE3eA9hTs4n","spotify:artist:5TnQc2N1iKlFjYD7CPGvFc","spotify:artist:1hatwkL9sjz45yLimEcQOS","spotify:artist:07EcmJpfAday8xGkslfanE","spotify:artist:26VFTg2z8YR0cCuwLzESi2","spotify:artist:56oDRnqbIiwx4mymNEv7dS"],"tracks_medium_term":["spotify:track:1eTL8yocTmire9gpOn2H2g","spotify:track:1UjCMbnYhGpTy5lL61j3Nd","spotify:track:5a0nHa7F4S9hb0Zi0zLS8w","spotify:track:4tJi4dodnpJ0MSKj2w6OkP","spotify:track:7sWRlDoTDX8geTR8zzr2vt","spotify:track:3I399Xpg21DElMuEhkTeK8","spotify:track:4H7WNRErSbONkM06blBoGc","spotify:track:2C6WXnmZ66tHhHlnvwePiK","spotify:track:2MsNSKQNQNRklkKFxxvIav","spotify:track:7pYz067orVeEKarWOP09sY"],"artists_long_term":["spotify:artist:3Nrfpe0tUJi4K4DXYWgMUX","spotify:artist:66CXWjxzNUsdJxJ2JdwvnR","spotify:artist:4NHQUGzhtTLFvgF5SZesLK","spotify:artist:26VFTg2z8YR0cCuwLzESi2","spotify:artist:053q0ukIDRgzwTr4vNSwab","spotify:artist:246dkjvS1zLTtiykXe5h60","spotify:artist:1Bl6wpkWCQ4KVgnASpvzzA","spotify:artist:5pKCCKE2ajJHZ9KAiaK11H","spotify:artist:07EcmJpfAday8xGkslfanE","spotify:artist:5TnQc2N1iKlFjYD7CPGvFc"],"tracks_long_term":["spotify:track:5KawlOMHjWeUjQtnuRs22c","spotify:track:4dF0mDPTlpjThf1mJyK83B","spotify:track:73kadnv7SduzhApfRUv5C0","spotify:track:0ffweDHrg4bZqdG4IfGYuo","spotify:track:4T652DlATVHe0jdLKaN3Bw","spotify:track:06Pvy98db25O7wlfFFFIRM","spotify:track:2meEiZKWkiN28gITzFwQo5","spotify:track:6JdS5rJvJaRA7B1tcm7kxZ","spotify:track:5jhYykolbcG1T9wZSyvhp5","spotify:track:7sWRlDoTDX8geTR8zzr2vt"]},"chosen_tracks":["spotify:track:2QyuXBcV1LJ2rq01KhreMF","spotify:track:3Dv1eDb0MEgF93GpLXlucZ","spotify:track:2Nib4r0saYQf2pUV4RFDhl","spotify:track:64lsIF5pw0sJY0gV5kz0RN","spotify:track:6L1rxT6NUotot2AAiLXGLj","spotify:track:694vvR5o19xHPhhJ5QdLN7","spotify:track:6pBaH4u4WIFDxzwDaazekR","spotify:track:4dF0mDPTlpjThf1mJyK83B","spotify:track:1AUA7JlrARv430PUJRK0Lp","spotify:track:2AIWoHr9DF6y4KALCBKWQS"],"feedback":""}