{"user_id":"be9533e26f7ebd1cb4a3eb00d2bd489b","top_tracks":{"tracks_short_term":["spotify:track:7ccTcabbJlCJiIqtrSSwBk","spotify:track:0q2vG0UVuy6ajjcpkQHdZM","spotify:track:54eZmuggBFJbV7k248bTTt","spotify:track:34d7sGX6WUqq8f04e7CSNF","spotify:track:7FIWs0pqAYbP91WWM0vlTQ","spotify:track:1UZOjK1BwmwWU14Erba9CZ","spotify:track:2N5jmNU7Ms5Ij10VbsHqOg","spotify:track:0sf12qNH5qcw8qpgymFOqD","spotify:track:6rKHgTPvt6AWbrnoTwce8e","spotify:track:1lO9CZo6eDrOy0S7khgryG"],"tracks_medium_term":["spotify:track:54eZmuggBFJbV7k248bTTt","spotify:track:0q2vG0UVuy6ajjcpkQHdZM","spotify:track:0TK2YIli7K1leLovkQiNik","spotify:track:7ccTcabbJlCJiIqtrSSwBk","spotify:track:41dxhDrOnQdieYdUW9PC4J","spotify:track:1lO9CZo6eDrOy0S7khgryG","spotify:track:2YpeDb67231RjR0MgVLzsG","spotify:track:0doK21Rmhw77vsmLztg6r7","spotify:track:7FIWs0pqAYbP91WWM0vlTQ","spotify:track:0e7ipj03S05BNilyu5bRzt"],"artists_medium_term":["spotify:artist:7dGJo4pcD2V6oG8kP0tJRR","spotify:artist:30DhU7BDmF4PH0JVhu8ZRg","spotify:artist:4h7NLIlg1oYdEtfQJfyto0","spotify:artist:26VFTg2z8YR0cCuwLzESi2","spotify:artist:4xRYI6VqpkE3UwrDrAZL8L","spotify:artist:4NHQUGzhtTLFvgF5SZesLK","spotify:artist:6qqNVTkY8uBg9cP3Jd7DAH","spotify:artist:2mVVjNmdjXZZDvhgQWiakk","spotify:artist:1Xyo4u8uXC1ZmMpatF05PJ","spotify:artist:6C1ohJrd5VydigQtaGy5Wa"],"artists_short_term":["spotify:artist:7dGJo4pcD2V6oG8kP0tJRR","spotify:artist:1QAJqy2dA3ihHBFIHRphZj","spotify:artist:4xRYI6VqpkE3UwrDrAZL8L","spotify:artist:2DvbYXMiUAQuupPEQnIt1I","spotify:artist:6C1ohJrd5VydigQtaGy5Wa","spotify:artist:1LZEQNv7sE11VDY3SdxQeN","spotify:artist:71x0OO2toFjXrMRcufL9tv","spotify:artist:0LcJLqbBmaGUft1e9Mm8HV","spotify:artist:2hvyGk3JcNIuRr99IMEG2z","spotify:artist:5ZsFI1h6hIdQRw2ti0hz81"],"artists_long_term":["spotify:artist:7dGJo4pcD2V6oG8kP0tJRR","spotify:artist:4xRYI6VqpkE3UwrDrAZL8L","spotify:artist:1Xyo4u8uXC1ZmMpatF05PJ","spotify:artist:1Cs0zKBU1kc0i8ypK3B9ai","spotify:artist:246dkjvS1zLTtiykXe5h60","spotify:artist:5rSXSAkZ67PYJSvpUpkOr7","spotify:artist:00FQb4jTyendYWaN8pK0wa","spotify:artist:4cUfFbVZGSsJWdbfmkdxYq","spotify:artist:5pKCCKE2ajJHZ9KAiaK11H","spotify:artist:5eir5zFJpES4j7gsymbVyl"],"tracks_long_term":["spotify:track:4pdPtRcBmOSQDlJ3Fk945m","spotify:track:0e7ipj03S05BNilyu5bRzt","spotify:track:1qoHlIpgGxtmYsYdyiySiL","spotify:track:7wGoVu4Dady5GV0Sv4UIsx","spotify:track:74hxp59kFtc3Ndkb7n1IaC","spotify:track:4cCpGAUlYDh88uuU7pcdN8","spotify:track:5tz69p7tJuGPeMGwNTxYuV","spotify:track:6e40mgJiCid5HRAGrbpGA6","spotify:track:2YaRPZCQNs0g5Eo7P0l81p","spotify:track:30z4LVkScpeNhwHFIB8Ewa"]},"chosen_tracks":["spotify:track:1vR0TfKdY1q9h3tyfOUCFO","spotify:track:68qTD5PAoqFgrkw5W2DHL5","spotify:track:79Nnbjlw4ulw59lkHUZm9N","spotify:track:5boJKR3VLBW0dc5167wKDE","spotify:track:34dx8DACTJsc3rsJdaEIQw","spotify:track:5PmRkzt9g5o3GXqWgl12ES","spotify:track:5xCSrU5VZjzDdxyKMDX64R","spotify:track:0yl1LvI69CJrQlXJoYnU97","spotify:track:62pSYErgGri97X9aIyBzHm","spotify:track:221LRlPHPuevgE1tuUlof9"],"feedback":""}