{"user_id":"bf4ce823465c9f7f711745db8f3814e8","top_tracks":{"tracks_short_term":["spotify:track:2c8HonlftLSLapWoHyiFqM","spotify:track:3dDivB2rFjjVub8TvphrGX","spotify:track:62o6IEZ9xH6mf4tbVk2Nzu","spotify:track:0nXXgjpcisM0bheuDZHAub","spotify:track:1AHSLMouCoEwrwNgQB92me","spotify:track:2udtDY7CGQ6OlBlyXBKFA7","spotify:track:4KLakzpqpiNhCRo9o7SCLW","spotify:track:681hSZvGVUWR9K5CUxLqMD","spotify:track:7E1Nj7lGkv1sfxDMCwtoml","spotify:track:3VZMAx8GdrO73kvTZDD8rU"],"artists_short_term":["spotify:artist:2fl2q7u2wwXxVgIXfs46e0","spotify:artist:5KNqYrivNgVCHBssEUSu5B","spotify:artist:7r8RF1tN2A4CiGEplkp1oP","spotify:artist:3zTOe1BtyTkwNvYZOxXktX","spotify:artist:56a625zOjD8ObnAXLsmV2L","spotify:artist:1fa0cOhromAZdq2xRA4vv8","spotify:artist:46CH1Gp8l8QVly8bpG9JFG","spotify:artist:19y5MFBH7gohEdGwKM7QsP","spotify:artist:4iHNK0tOyZPYnBU7nGAgpQ","spotify:artist:4qwGe91Bz9K2T8jXTZ815W"],"artists_medium_term":["spotify:artist:56a625zOjD8ObnAXLsmV2L","spotify:artist:0ECwFtbIWEVNwjlrfc6xoL","spotify:artist:74IEeKcuS34kF2TjOigXra","spotify:artist:5lkiCO9UQ8B23dZ1o0UV4m","spotify:artist:4akybxRTGHJZ1DXjLhJ1qu","spotify:artist:319yZVtYM9MBGqmSQnMyY6","spotify:artist:47opbYEKDjXnRk9uLscp11","spotify:artist:6bkF6GDcyXZn2T0D5Fwldl","spotify:artist:70ZTdbPEcEugBNay4MvxfL","spotify:artist:4xFGtK82ouiHEMuO1WfEUJ"],"tracks_medium_term":["spotify:track:0SKjxwqrtOaOMyepzeeVer","spotify:track:2LwLEi1FOGlUEgp37eGAPM","spotify:track:5JyVAzl0DY9YqITUpBWL7v","spotify:track:2QnNfwJuz62PGrNCX3ez0Z","spotify:track:1u1o4M5ZsS4ccNiULcTTts","spotify:track:6cO6iQnWkp9x9zIxy5MCbL","spotify:track:7eMvCyumYqxo6L8Vav6WvJ","spotify:track:7rQk41epqh7v0B6H9inbQT","spotify:track:48IUBtlqnU57ihlXPPnuTZ","spotify:track:1Xa217SuSUZHkXxVdwkR5l"],"artists_long_term":["spotify:artist:4akybxRTGHJZ1DXjLhJ1qu","spotify:artist:56a625zOjD8ObnAXLsmV2L","spotify:artist:19y5MFBH7gohEdGwKM7QsP","spotify:artist:74IEeKcuS34kF2TjOigXra","spotify:artist:3TVXtAsR1Inumwj472S9r4","spotify:artist:319yZVtYM9MBGqmSQnMyY6","spotify:artist:5lkiCO9UQ8B23dZ1o0UV4m","spotify:artist:7r8RF1tN2A4CiGEplkp1oP","spotify:artist:0ECwFtbIWEVNwjlrfc6xoL","spotify:artist:3WNUkxJcJeliFx9KXWXMgs"],"tracks_long_term":["spotify:track:7z3Nwlh1cKuB9OysXhc1aG","spotify:track:0UQDSP8cz6WmLJckO5jqUQ","spotify:track:74JdR9aXE6I74oS1BVRsvb","spotify:track:2hCKzqwjRjhycKeZJvbloJ","spotify:track:2F68giEdI4CWdT9DtCQPGn","spotify:track:2QnNfwJuz62PGrNCX3ez0Z","spotify:track:1u1o4M5ZsS4ccNiULcTTts","spotify:track:48FCBJYfS9syFmp5rc5RmL","spotify:track:7nJemAYSMo9xrwrxJpafK3","spotify:track:4KLakzpqpiNhCRo9o7SCLW"]},"chosen_tracks":["spotify:track:0UQDSP8cz6WmLJckO5jqUQ","spotify:track:7bJSiwLFnhoO7g83bWkCtA","spotify:track:35fC3Wq3slX4OBfyvBVmHm","spotify:track:36o3La4dQ9E6gKb2x8upJS","spotify:track:75GUGMtEr2Us44mw0BLX7o","spotify:track:0G3fbPbE1vGeABDEZF0jeG","spotify:track:3ibKnFDaa3GhpPGlOUj7ff","spotify:track:7snmvZMLdGGk3l9PcvoYSM","spotify:track:2w4a4ur2uRf530cbzyTlWo","spotify:track:6Mjs9FvZY0quuCTDx16sTw"],"feedback":""}