{"user_id":"bf5ed09a97b66d8e1f876b43a6b63943","top_tracks":{"artists_short_term":["spotify:artist:1u7uShzlA1tXJeox3jMFPq","spotify:artist:05fG473iIaoy82BF1aGhL8","spotify:artist:1HY2Jd0NmPuamShAr6KMms","spotify:artist:1dfeR4HaWDbWqFHLkxsg1d","spotify:artist:2VYQTNDsvvKN9wmU5W7xpj","spotify:artist:6vUjpCAR58MB3Jq2TsKUmK","spotify:artist:6vWDO969PvNqNYHIOW5v0m","spotify:artist:5WUlDfRSoLAfcVSX1WnrxN"],"artists_medium_term":["spotify:artist:1dfeR4HaWDbWqFHLkxsg1d","spotify:artist:05fG473iIaoy82BF1aGhL8","spotify:artist:1HY2Jd0NmPuamShAr6KMms","spotify:artist:2VYQTNDsvvKN9wmU5W7xpj","spotify:artist:4M1FpEWs2PeYfJe7xxJfhH","spotify:artist:1u7uShzlA1tXJeox3jMFPq","spotify:artist:1KsASRNugxU85T0u6zSg32","spotify:artist:6ltVunYjAAD70YtVO6rxvX","spotify:artist:19ra5tSw0tWufvUp8GotLo","spotify:artist:7slfeZO9LsJbWgpkIoXBUJ"],"tracks_short_term":["spotify:track:6Kz3o55LxMA11GbvFXHFtX","spotify:track:02Mjo2ElokZOQxpY9uzW4T","spotify:track:1xTnao2fX6N79fg7tyLpIx","spotify:track:6L7laKdhHJmMbLhZ0ANl5X","spotify:track:5s3l6YYtPlYWuYamHqgeY7","spotify:track:2Oaq2Q6JFS1xIXGL9TVryY","spotify:track:0LyZGZEZcFqpeF8bAfx3v0","spotify:track:0T5CyStvAb7PRl6TiJynKb","spotify:track:0Y2i84QWPFiFHQfEQDgHya","spotify:track:3B0Er8HRu24IbPKCi59N0b"],"tracks_medium_term":["spotify:track:6AAZigYqOch79lKcrSBOv0","spotify:track:5WHTFyqSii0lmT9R21abT8","spotify:track:1moFkZDqcjQNeXtyoanLHv","spotify:track:3HhAZV8ngUOOt4eUHovhud","spotify:track:4WpmwEdc4RBos8W8icSSxW","spotify:track:5DOR49R0fehoBmyNL8m4sN","spotify:track:7KwZNVEaqikRSBSpyhXK2j","spotify:track:1rqqCSm0Qe4I9rUvWncaom","spotify:track:0Ph6L4l8dYUuXFmb71Ajnd","spotify:track:30XU4suKzCeoCK9YFzdufg"],"artists_long_term":["spotify:artist:1dfeR4HaWDbWqFHLkxsg1d","spotify:artist:1HY2Jd0NmPuamShAr6KMms","spotify:artist:7dGJo4pcD2V6oG8kP0tJRR","spotify:artist:02kJSzxNuaWGqwubyUba0Z","spotify:artist:2VYQTNDsvvKN9wmU5W7xpj","spotify:artist:05fG473iIaoy82BF1aGhL8","spotify:artist:6vWDO969PvNqNYHIOW5v0m","spotify:artist:5j4HeCoUlzhfWtjAfM1acR","spotify:artist:1u7uShzlA1tXJeox3jMFPq","spotify:artist:00FQb4jTyendYWaN8pK0wa"],"tracks_long_term":["spotify:track:1rqqCSm0Qe4I9rUvWncaom","spotify:track:7wfQfnNFGWLD0BzcDngCRg","spotify:track:1FlPsr3Ch2Lj1tzUgbodsB","spotify:track:1nwVFXNK9f0zKU7rVdBswV","spotify:track:29fRTIKsJhLUJoldM89GZS","spotify:track:06yKyyDsxcGICRoLyafHtW","spotify:track:62GXGpd73vslqIBHq8XqOx","spotify:track:6AAZigYqOch79lKcrSBOv0","spotify:track:5k38wzpLb15YgncyWdTZE4","spotify:track:7F3uo3304R2CTvOseU3H7u"]},"chosen_tracks":["spotify:track:5DOR49R0fehoBmyNL8m4sN","spotify:track:6AAZigYqOch79lKcrSBOv0","spotify:track:0aym2LBJBk9DAYuHHutrIl","spotify:track:2o49Twc3qrNMOt8gq9W06L","spotify:track:1rqqCSm0Qe4I9rUvWncaom","spotify:track:51PRi1n6K0W0TAQBjpc06l","spotify:track:0TpWjIOuNMnpuRjriPbGiF","spotify:track:5YEBDtfU1CkrYUCJtjRmaa","spotify:track:7HKez549fwJQDzx3zLjHKC","spotify:track:1MX6kqZ8FOht5UnQuPl6Jj"],"feedback":""}