{"user_id":"c5c0463727c8132a0fd620805c335cef","top_tracks":{"artists_short_term":["spotify:artist:12trz2INGglrKMzLmg0y2C","spotify:artist:4gzpq5DPGxSnKTe4SA8HAU","spotify:artist:7CajNmpbOovFoOoasH2HaY","spotify:artist:1Cs0zKBU1kc0i8ypK3B9ai","spotify:artist:5pKCCKE2ajJHZ9KAiaK11H","spotify:artist:1KCSPY1glIKqW2TotWuXOR","spotify:artist:6jJ0s89eD6GaHleKKya26X","spotify:artist:04gDigrS5kc9YWfZHwBETP","spotify:artist:0du5cEVh5yTK9QJze8zA0C","spotify:artist:6LqNN22kT3074XbTVUrhzX"],"tracks_short_term":["spotify:track:4sTzR6CqG2BiMpEtv5dPpL","spotify:track:3Ie71XbriZ9qlXFZlEq8FJ","spotify:track:0Z0bnTn6iu3ufyv7p1KmjH","spotify:track:0wdMcK7ejJRdi2AiY2wLGk","spotify:track:5jrr4qdmd6jmstVgHxCXMO","spotify:track:1M4qEo4HE3PRaCOM7EXNJq","spotify:track:1JpzpEes2HzdsBZsYRXBxI","spotify:track:1KFRlrRRuvyrIwgjcSr1Qr","spotify:track:66MTygLGY2Stx5qGC8lpMv","spotify:track:7uhYCzp6c1GVN7WlAg5QBL"],"artists_medium_term":["spotify:artist:4gzpq5DPGxSnKTe4SA8HAU","spotify:artist:12trz2INGglrKMzLmg0y2C","spotify:artist:6VuMaDnrHyPL1p4EHjYLi7","spotify:artist:7CajNmpbOovFoOoasH2HaY","spotify:artist:04gDigrS5kc9YWfZHwBETP","spotify:artist:6jJ0s89eD6GaHleKKya26X","spotify:artist:1Cs0zKBU1kc0i8ypK3B9ai","spotify:artist:5pKCCKE2ajJHZ9KAiaK11H","spotify:artist:0du5cEVh5yTK9QJze8zA0C","spotify:artist:5Pwc4xIPtQLFEnJriah9YJ"],"tracks_medium_term":["spotify:track:2b8fOow8UzyDFAE27YhOZM","spotify:track:0ClPIeT6MSgfSgQ9ZrJbAq","spotify:track:5iTaLzgPI5jRMVAxITcZwT","spotify:track:1HfMVBKM75vxSfsQ5VefZ5","spotify:track:6YQlCOZnlFmqeciAh58fDE","spotify:track:3707IBa4HnS3zDDoWfeUBl","spotify:track:0Z0bnTn6iu3ufyv7p1KmjH","spotify:track:0wdMcK7ejJRdi2AiY2wLGk","spotify:track:66MTygLGY2Stx5qGC8lpMv","spotify:track:0sf12qNH5qcw8qpgymFOqD"],"tracks_long_term":["spotify:track:5qfZRNjt2TkHEL12r3sDEU","spotify:track:4OafepJy2teCjYJbvFE60J","spotify:track:2SL6oP2YAEQbqsrkOzRGO4","spotify:track:5E5MqaS6eOsbaJibl3YeMZ","spotify:track:2h6HdN3oPr4JijIQV29hv1","spotify:track:79esEXlqqmq0GPz0xQSZTV","spotify:track:2RSHsoi04658QL5xgQVov3","spotify:track:1mXVgsBdtIVeCLJnSnmtdV","spotify:track:0GOJobsbOSIF99y6CGr5o6","spotify:track:0Zbbxnx4SGGHoIow4PpISP"],"artists_long_term":["spotify:artist:53XhwfbYqKCa1cC15pYq2q","spotify:artist:4gzpq5DPGxSnKTe4SA8HAU","spotify:artist:7dGJo4pcD2V6oG8kP0tJRR","spotify:artist:5Pwc4xIPtQLFEnJriah9YJ","spotify:artist:0du5cEVh5yTK9QJze8zA0C","spotify:artist:23fqKkggKUBHNkbKtXEls4","spotify:artist:04gDigrS5kc9YWfZHwBETP","spotify:artist:5pKCCKE2ajJHZ9KAiaK11H","spotify:artist:12trz2INGglrKMzLmg0y2C","spotify:artist:0C8ZW7ezQVs4URX5aX7Kqx"]},"chosen_tracks":["spotify:track:1M4qEo4HE3PRaCOM7EXNJq","spotify:track:0sf12qNH5qcw8qpgymFOqD","spotify:track:07nH4ifBxUB4lZcsf44Brn","spotify:track:1lsBTdE6MGsKeZCD6llNu7","spotify:track:4k7P2LIQco8YCVbIZl1vZB","spotify:track:3w3y8KPTfNeOKPiqUTakBh","spotify:track:2h6HdN3oPr4JijIQV29hv1","spotify:track:2GEWEaFGI4Nz28puxMXl8l","spotify:track:0sYfwwEy0UyNizk6na4zGm","spotify:track:1mKXFLRA179hdOWQBwUk9e"],"feedback":""}