{"user_id":"c7c4c1de76971c18b563a6df878bc4e1","top_tracks":{"artists_short_term":["spotify:artist:6cs3EabebGIu559XRIpQty","spotify:artist:4HjlVndCtyyk8FUTqdQCtn","spotify:artist:3eqjTLE0HfPfh78zjh6TqT","spotify:artist:5l8VQNuIg0turYE1VtM9zV","spotify:artist:1eClJfHLoDI4rZe5HxzBFv","spotify:artist:2CvCyf1gEVhI0mX6aFXmVI","spotify:artist:0LcJLqbBmaGUft1e9Mm8HV","spotify:artist:3v4feUQnU3VEUqFrjmtekL","spotify:artist:74ASZWbe4lXaubB36ztrGX","spotify:artist:3WrFJ7ztbogyGnTHbHJFl2"],"tracks_short_term":["spotify:track:4FtcubXLzT1821D5vLK9H8","spotify:track:3tRK0db2wd6d2JBEblKTtl","spotify:track:1MksSIlQp0qQe8gYBxE8g7","spotify:track:5GjnIpUlLGEIYk052ISOw9","spotify:track:5dWnQl4c0c2WJgTxkfgWUp","spotify:track:5i0BBU8OZdD7EkYeA5WrSq","spotify:track:7ByLg7TpjdvPGIqXgpPxc1","spotify:track:7iBav4v8maicL8cWKGxFhQ","spotify:track:1Cwsd5xI8CajJz795oy4XF","spotify:track:5QQfST2NAFEPkCmqWHIYp7"],"artists_medium_term":["spotify:artist:3eqjTLE0HfPfh78zjh6TqT","spotify:artist:0oSGxfWSnnOXhD2fKuz2Gy","spotify:artist:5icZHFQjI6SRsvXNOKUXZ1","spotify:artist:51Blml2LZPmy7TTiAg47vQ","spotify:artist:5vEW6oifezRitpxbykJSw8","spotify:artist:3u84EkSPrJYO4n5cipED9K","spotify:artist:1bObiFZkYu7IfzxVlAVj5x","spotify:artist:0bzfPKdbXL5ezYW2z3UGQj","spotify:artist:5t9ZqsRBkNBVoE1rSMOd6D","spotify:artist:1iTlOqIrZy8DlvCPJY2sjS"],"tracks_medium_term":["spotify:track:3tRK0db2wd6d2JBEblKTtl","spotify:track:4FtcubXLzT1821D5vLK9H8","spotify:track:3hmUxrYwlb5uZCG9A8dJT6","spotify:track:1J0WXgITM3l66pVKVOuXtz","spotify:track:7ynwkFhXbrQqnMIWqFfRUS","spotify:track:3w9L5cvyoDu29d1dz4dEcI","spotify:track:05eKAYwnkIOJIwcZSJSzRs","spotify:track:7Jh1bpe76CNTCgdgAdBw4Z","spotify:track:0uWcfdrYW2XemzoQyTDSdP","spotify:track:1MksSIlQp0qQe8gYBxE8g7"],"artists_long_term":["spotify:artist:0oSGxfWSnnOXhD2fKuz2Gy","spotify:artist:3eqjTLE0HfPfh78zjh6TqT","spotify:artist:4jFkB3Lzjku9SFKUTP33WV","spotify:artist:0ECwFtbIWEVNwjlrfc6xoL","spotify:artist:3u84EkSPrJYO4n5cipED9K","spotify:artist:1dfeR4HaWDbWqFHLkxsg1d","spotify:artist:1LZEQNv7sE11VDY3SdxQeN","spotify:artist:2KftmGt9sk1yLjsAoloC3M","spotify:artist:22bE4uQ6baNwSHPVcDxLCe","spotify:artist:4gzpq5DPGxSnKTe4SA8HAU"],"tracks_long_term":["spotify:track:4WA3k0KEPs6Xw9TVCcRMLr","spotify:track:53968oKecrFxkErocab2Al","spotify:track:1qXD8CjPuAyl1Q1uTXzULP","spotify:track:32lF1rsInDTdK6Av3KdfaY","spotify:track:1UG9j6GcU7Ky7MTrQu90If","spotify:track:6NdkzOSCLzmyV9Qc4DKhJ2","spotify:track:5XwlpyVp1y86Jz4ragsDWC","spotify:track:02utYejOAb0Pw7r4tkbfOu","spotify:track:5kqY6UZTpgcVdojny598DV","spotify:track:7ynwkFhXbrQqnMIWqFfRUS"]},"chosen_tracks":["spotify:track:7ynwkFhXbrQqnMIWqFfRUS","spotify:track:4FtcubXLzT1821D5vLK9H8","spotify:track:5XwlpyVp1y86Jz4ragsDWC","spotify:track:3RNyGLgSvmVRZ7xKUp8Wgd","spotify:track:4lJ6YVXQ0jUk5ILu0PSrA4","spotify:track:1EtcyegB7JLkAwwqiPyeJ6","spotify:track:3wtMkvedoWMQ3XTKv7tqcZ","spotify:track:1wTzJpcnD23Kw7IEJKXCeU","spotify:track:3a81MqAnp1itvlxGBmvr64","spotify:track:7rO7Pc5dkC2EIW1OKsCJtQ"],"feedback":""}