{"user_id":"c8460743042f56d0b45b60dd6acb8dce","top_tracks":{"tracks_short_term":["spotify:track:7uYIX9O9DY6l1D3HiwHR1J","spotify:track:6k1I9gABiasGZiWWAosAEb","spotify:track:0CZ8lquoTX2Dkg7Ak2inwA","spotify:track:762B4bOcXF7I2Y8UlKTyTy","spotify:track:0GjEhVFGZW8afUYGChu3Rr","spotify:track:3oiLlbBynuErymca4Dwp5H","spotify:track:3Dy4REq8O09IlgiwuHQ3sk","spotify:track:6TvxPS4fj4LUdjw2es4g21","spotify:track:6oJ6le65B3SEqPwMRNXWjY","spotify:track:3OTSBoYKO7HzGVj8Bu2OH9"],"artists_short_term":["spotify:artist:0LcJLqbBmaGUft1e9Mm8HV","spotify:artist:2wUjUUtkb5lvLKcGKsKqsR","spotify:artist:6beUvFUlKliUYJdLOXNj9C","spotify:artist:5MmVJVhhYKQ86izuGHzJYA","spotify:artist:4TrraAsitQKl821DQY42cZ","spotify:artist:37NqXwtb6nIEqRt4EJSoIO","spotify:artist:1Xylc3o4UrD53lo9CvFvVg","spotify:artist:3Bd1cgCjtCI32PYvDC3ynO","spotify:artist:13saZpZnCDWOI9D4IJhp1f","spotify:artist:6ssXMmc5EOUrauZxirM910"],"tracks_medium_term":["spotify:track:3I3u1ToIan8l0FKA7wV1QO","spotify:track:5ZULALImTm80tzUbYQYM9d","spotify:track:1ABvDz0JnQGO8M8NYjRNMp","spotify:track:550rQQCGkrTzvp4SfpOPzx","spotify:track:2BgEsaKNfHUdlh97KmvFyo","spotify:track:7uYIX9O9DY6l1D3HiwHR1J","spotify:track:7FeWgVGGphXuSUu5wNeAcJ","spotify:track:2ENgaBS5vLUpqUw8inkZZp","spotify:track:7BooBD8k8ABLTFLzgxcT5G","spotify:track:1yAPglN5AGf7UoLK062ZYq"],"artists_medium_term":["spotify:artist:0LcJLqbBmaGUft1e9Mm8HV","spotify:artist:2qxJFvFYMEDqd7ui6kSAcq","spotify:artist:4Q6nIcaBED8qUel8bBx6Cr","spotify:artist:26AHtbjWKiwYzsoGoUZq53","spotify:artist:2NjfBq1NflQcKSeiDooVjY","spotify:artist:1zNqDE7qDGCsyzJwohVaoX","spotify:artist:1MIVXf74SZHmTIp4V4paH4","spotify:artist:3Bd1cgCjtCI32PYvDC3ynO","spotify:artist:66CXWjxzNUsdJxJ2JdwvnR","spotify:artist:26VFTg2z8YR0cCuwLzESi2"],"tracks_long_term":["spotify:track:6AFL1VsGGa0tWJNHQOEkJd","spotify:track:5pTMXokyHE9OQyIDvi7ayz","spotify:track:1COvXs6jaykXC73h9OSBVM","spotify:track:0tu3IW9kbapTXjdgp7ClFL","spotify:track:0PAj9Y5kFEzhGeWkockoxv","spotify:track:0xIVvRmjztR1AwuHrkhH41","spotify:track:66NwER5WGfTuRJPdRZPujt","spotify:track:0uwm2EOditziKCWSRRLN0A","spotify:track:2Pet492PHE6ntVncylsQ1k","spotify:track:42ydLwx4i5V49RXHOozJZq"],"artists_long_term":["spotify:artist:5WUlDfRSoLAfcVSX1WnrxN","spotify:artist:26AHtbjWKiwYzsoGoUZq53","spotify:artist:2Sqr0DXoaYABbjBo9HaMkM","spotify:artist:1vCWHaC5f2uS3yhpwWbIA6","spotify:artist:3e7awlrlDSwF3iM0WBjGMp","spotify:artist:2wUjUUtkb5lvLKcGKsKqsR","spotify:artist:1KCSPY1glIKqW2TotWuXOR","spotify:artist:2qxJFvFYMEDqd7ui6kSAcq","spotify:artist:1Cs0zKBU1kc0i8ypK3B9ai","spotify:artist:2gsggkzM5R49q6jpPvazou"]},"chosen_tracks":["spotify:track:4BfRDZLIiznSnwU7DdDL9N","spotify:track:0GjEhVFGZW8afUYGChu3Rr","spotify:track:3oiLlbBynuErymca4Dwp5H","spotify:track:7uYIX9O9DY6l1D3HiwHR1J","spotify:track:53jbdPQBaH6WaQvW0zmGBs","spotify:track:0rIAC4PXANcKmitJfoqmVm","spotify:track:57PuRFQ41OhhWAFxLh7zXz","spotify:track:7j91Me4PB3CLhuL4PKH9G8","spotify:track:0LI4BP3JHQw0I0bFwGeiQ3","spotify:track:7rc6L3UtM0uvwfpsl07GBL"],"feedback":""}