{"user_id":"c8f15fd782cbe45a4781ebf07b43118d","top_tracks":{"tracks_short_term":["spotify:track:4jXl6VtkFFKIt3ycUQc5LT","spotify:track:3Qa944OTMZkg8DHjET8JQv","spotify:track:0udOCZp7yk0Ml92C0k8H8D","spotify:track:3WfSNAoj2D8C9noPSGZZFM","spotify:track:6jqJ4XwRTXbhkFJ5YXOXrV","spotify:track:1DWZUa5Mzf2BwzpHtgbHPY","spotify:track:2hwOoMtWPtTSSn6WHV7Vp5","spotify:track:1OuN92HcVG6NVpWbeESNB3","spotify:track:3R8CyhJfVjvgIROd5RSGhQ","spotify:track:26G5nmIx7Yvq79bIIluyZV"],"artists_short_term":["spotify:artist:4LLpKhyESsyAXpc4laK94U","spotify:artist:0HDMwoCS316xhKCZlJPBnc","spotify:artist:1Ns6tsI89BK1gbpGLDMhCf","spotify:artist:23951Pg9PiLB8Uza3k12g6","spotify:artist:1Bl6wpkWCQ4KVgnASpvzzA","spotify:artist:0Jsk5iYMr5aNjHury7blm1","spotify:artist:6ZgVO0er1ct8GJQNe7dk1w","spotify:artist:3jBNLmJDEBWEoidTT7l1Jn","spotify:artist:7IiSLreTg1of8dDwxwiPw3","spotify:artist:0qZWRrQj38rwkxeRQ3HowZ"],"tracks_medium_term":["spotify:track:4jXl6VtkFFKIt3ycUQc5LT","spotify:track:3Qa944OTMZkg8DHjET8JQv","spotify:track:2KraLG62JBty0ccSnLjA0z","spotify:track:3WfSNAoj2D8C9noPSGZZFM","spotify:track:0udOCZp7yk0Ml92C0k8H8D","spotify:track:1DWZUa5Mzf2BwzpHtgbHPY","spotify:track:2hwOoMtWPtTSSn6WHV7Vp5","spotify:track:3R8CyhJfVjvgIROd5RSGhQ","spotify:track:1OuN92HcVG6NVpWbeESNB3","spotify:track:6Qh68MZBHJBIRIH2qDS2jn"],"artists_medium_term":["spotify:artist:4LLpKhyESsyAXpc4laK94U","spotify:artist:3E31HqA00iCX9nRhesw6LD","spotify:artist:0qZWRrQj38rwkxeRQ3HowZ","spotify:artist:0iVHnv2bQN5iee8J6iCVO4","spotify:artist:2XxoalhYJxXjU56POu1q7V","spotify:artist:5GvMLzUp6tMBpaCbr903RN","spotify:artist:23951Pg9PiLB8Uza3k12g6","spotify:artist:3TVXtAsR1Inumwj472S9r4","spotify:artist:5eir5zFJpES4j7gsymbVyl","spotify:artist:1wFoE1RwBMWoWkXcFrCgsx"],"tracks_long_term":["spotify:track:10eTT2VM0JjvOUfstThTRe","spotify:track:7gfcbK8xObynX5rUzzluuk","spotify:track:4HjYOxqdtFMS1eY2leQG3I","spotify:track:4fkzlUQGYHUEH5wmrnGskL","spotify:track:3Ip9paW5KZ3xy1l1tpor63","spotify:track:4NK61r9RgSX2FCZ2ptk3mn","spotify:track:3qArL12oiQ8LkppoHUyjNg","spotify:track:5i7uyqEbbcfzHQg6xS3IDz","spotify:track:1KtmgLUy2pMhWZp7XJOFG6","spotify:track:1bpAGufvAgqEIob4V1k7mP"],"artists_long_term":["spotify:artist:3TVXtAsR1Inumwj472S9r4","spotify:artist:79hrYiudVcFyyxyJW0ipTy","spotify:artist:25tMQOrIU4LlUo6Sv8v5SE","spotify:artist:23951Pg9PiLB8Uza3k12g6","spotify:artist:3D2GUXbtlL3r2d5HJEnsFD","spotify:artist:3AlRiyjMywTVNzTcHbf9QT","spotify:artist:5GvMLzUp6tMBpaCbr903RN","spotify:artist:4LLpKhyESsyAXpc4laK94U","spotify:artist:6m1LYS5NQonxjOcQFPQOb5","spotify:artist:3E31HqA00iCX9nRhesw6LD"]},"chosen_tracks":["spotify:track:1DWZUa5Mzf2BwzpHtgbHPY","spotify:track:4jXl6VtkFFKIt3ycUQc5LT","spotify:track:2KraLG62JBty0ccSnLjA0z","spotify:track:0MY2XYP7pxgF7azJAdZh1N","spotify:track:3E5F3u6CpRzEp50F1E90GZ","spotify:track:0oWoaA5IA4NhKgTdCtByXc"],"feedback":""}