{"user_id":"c947acd8238cff35dca4d2a303685013","top_tracks":{"tracks_short_term":["spotify:track:1SN1gifVAKecU85lZggS8k","spotify:track:5x4Tv2PICzkwkixYuSmbYX","spotify:track:1nXRacxi1isUvleBB6Jgx7","spotify:track:5203Oz66GCiSaGm1DSuqoP","spotify:track:5647JB6Jij26Zlc33qqKkv","spotify:track:7uMZy0bALAdneerERyr7Ks","spotify:track:4qqArAiTPueDxIp7cf87h7","spotify:track:0LtOwyZoSNZKJWHqjzADpW","spotify:track:3wQ2F1MjiNMENmvy4xUeXy","spotify:track:4vpeKl0vMGdAXpZiQB2Dtd"],"artists_short_term":["spotify:artist:3kjuyTCjPG1WMFCiyc5IuB","spotify:artist:4wo1267SJuUfHgasdlfNfc","spotify:artist:2FXC3k01G6Gw61bmprjgqS","spotify:artist:36QJpDe2go2KgaRleHCDTp","spotify:artist:3iOvXCl6edW5Um0fXEBRXy","spotify:artist:67ea9eGLXYMsO2eYQRui3w","spotify:artist:7A0awCXkE1FtSU8B0qwOJQ","spotify:artist:7mnBLXK823vNxN3UWB7Gfz","spotify:artist:1gR0gsQYfi6joyO1dlp76N","spotify:artist:3AA28KZvwAUcZuOKwyblJQ"],"artists_medium_term":["spotify:artist:0k17h0D3J5VfsdmQ1iZtE9","spotify:artist:053q0ukIDRgzwTr4vNSwab","spotify:artist:3kjuyTCjPG1WMFCiyc5IuB","spotify:artist:7A0awCXkE1FtSU8B0qwOJQ","spotify:artist:0oSGxfWSnnOXhD2fKuz2Gy","spotify:artist:36QJpDe2go2KgaRleHCDTp","spotify:artist:00FQb4jTyendYWaN8pK0wa","spotify:artist:4k1ELeJKT1ISyDv8JivPpB","spotify:artist:49gaZqfow2v8EEQmjGyEIw","spotify:artist:5INjqkS1o8h1imAzPqGZBb"],"tracks_medium_term":["spotify:track:3AsLKjKWlv1oCNWv92VqG4","spotify:track:1SN1gifVAKecU85lZggS8k","spotify:track:5hOfrZVEsEs5QwQ7odPt1Y","spotify:track:0fBSs3fRoh1yJcne77fdu9","spotify:track:7skBYCyTIq3Xy78Jt7rbh6","spotify:track:17eu2pSgSUpIG1GFWBnODv","spotify:track:0rBj6lYQUMHwTJ33sdj6Qz","spotify:track:5647JB6Jij26Zlc33qqKkv","spotify:track:4ZcGbQ5dOKX6rJk4yvza9R","spotify:track:4xdOjt8F7VlOuu3kpDHEWN"],"artists_long_term":["spotify:artist:3kjuyTCjPG1WMFCiyc5IuB","spotify:artist:67ea9eGLXYMsO2eYQRui3w","spotify:artist:4tZwfgrHOc3mvqYlEYSvVi","spotify:artist:00FQb4jTyendYWaN8pK0wa","spotify:artist:7mnBLXK823vNxN3UWB7Gfz","spotify:artist:0oSGxfWSnnOXhD2fKuz2Gy","spotify:artist:0k17h0D3J5VfsdmQ1iZtE9","spotify:artist:36QJpDe2go2KgaRleHCDTp","spotify:artist:5INjqkS1o8h1imAzPqGZBb","spotify:artist:738wLrAtLtCtFOLvQBXOXp"],"tracks_long_term":["spotify:track:1nXRacxi1isUvleBB6Jgx7","spotify:track:5DG2SWW7kPgYqOY0Ex5Ssj","spotify:track:1qDrWA6lyx8cLECdZE7TV7","spotify:track:2iw9V6UroAn4Sau0nRtMXj","spotify:track:4rPCgwmCgef78nrsqwjA7G","spotify:track:0QYIp7P4r35lTcrGyznTWO","spotify:track:4uYwlMp841PLJmj1gJJwIq","spotify:track:38wCbVfMreML5ZhF5iQuKA","spotify:track:3BJe4B8zGnqEdQPMvfVjuS","spotify:track:5wIXla4rVSXjK4bpi6ZwnH"]},"chosen_tracks":["spotify:track:5x4Tv2PICzkwkixYuSmbYX","spotify:track:1SN1gifVAKecU85lZggS8k","spotify:track:3AsLKjKWlv1oCNWv92VqG4","spotify:track:2RtNSM8cPCAOZ5bvQbW6y3","spotify:track:1atrCmFrGEN5QvjoEWFRHo","spotify:track:2as9DMML3RYe4uGiBpTvEm","spotify:track:0U0p8weaMIbIFMJ0CPlvHV","spotify:track:1ZHYJ2Wwgxes4m8Ba88PeK","spotify:track:0bXpmJyHHYPk6QBFj25bYF","spotify:track:104pmtTQOlmW8Zt2BipGKH"],"feedback":"Mix of some songs I've listened a lot to lately and songs I've listened to a lot over several years"}