{"user_id":"cb8d49c68b8aa4ba2c3b3d98d0e5188a","top_tracks":{"tracks_short_term":["spotify:track:3qZwJ1SiY32JW70JqgiFbY","spotify:track:21uLKrjIsBDVNsKpk9RrjJ","spotify:track:1gZADNt16Oh23jWyMYRk4p","spotify:track:1T7AiFL9ruKKwlONN35Vh0","spotify:track:2RWs4c3ZJ74WwXlVC3QCQN","spotify:track:2ufmtcIFdFpuUYBPXK5f67","spotify:track:7uJH0YdSZL6psjxI6Xy08b","spotify:track:0fjKE697Z8WQ33XSJKbfQn","spotify:track:1JdWRS3PBZlSgKcPKcULtr","spotify:track:1PZyRhArUH0NcBtUv9UrCD"],"artists_short_term":["spotify:artist:26VFTg2z8YR0cCuwLzESi2","spotify:artist:1Xyo4u8uXC1ZmMpatF05PJ","spotify:artist:3mIj9lX2MWuHmhNCA7LSCW","spotify:artist:1EowJ1WwkMzkCkRomFhui7","spotify:artist:1Ffb6ejR6Fe5IamqA5oRUF","spotify:artist:20JZFwl6HVl6yg8a4H3ZqK","spotify:artist:1o2NpYGqHiCq7FoiYdyd1x","spotify:artist:3YQKmKGau1PzlVlkL1iodx","spotify:artist:46CitWgnWrvF9t70C2p1Me","spotify:artist:7k73EtZwoPs516ZxE72KsO"],"artists_medium_term":["spotify:artist:26VFTg2z8YR0cCuwLzESi2","spotify:artist:6KImCVD70vtIoJWnq6nGn3","spotify:artist:3YQKmKGau1PzlVlkL1iodx","spotify:artist:3IunaFjvNKj98JW89JYv9u","spotify:artist:7k73EtZwoPs516ZxE72KsO","spotify:artist:1Ffb6ejR6Fe5IamqA5oRUF","spotify:artist:6qqNVTkY8uBg9cP3Jd7DAH","spotify:artist:1EowJ1WwkMzkCkRomFhui7","spotify:artist:47mIJdHORyRerp4os813jD","spotify:artist:3mIj9lX2MWuHmhNCA7LSCW"],"tracks_medium_term":["spotify:track:3ZCTVFBt2Brf31RLEnCkWJ","spotify:track:2xVuumAfdJpWCqqYZbTI1Q","spotify:track:5YvcUK2eXJ2OllqDuEg18S","spotify:track:2plLJpUcYPFrl1sW2pMG63","spotify:track:2vPZ4Lklyu75zBR3SgbFNI","spotify:track:65MHSL3SQ8MBgShzOH7i1a","spotify:track:5kFsFeF7NnxSCIKbJ3EoaD","spotify:track:6UjefGi25yanQ2v1Cth7tc","spotify:track:597QvpG6uLP3yHMsfkFWBq","spotify:track:3glYQ4YNwESwCD4peCZpFq"],"artists_long_term":["spotify:artist:3mIj9lX2MWuHmhNCA7LSCW","spotify:artist:6eUKZXaKkcviH0Ku9w2n3V","spotify:artist:26VFTg2z8YR0cCuwLzESi2","spotify:artist:5Rl15oVamLq7FbSb0NNBNy","spotify:artist:3YQKmKGau1PzlVlkL1iodx","spotify:artist:3Nrfpe0tUJi4K4DXYWgMUX","spotify:artist:4AK6F7OLvEQ5QYCBNiQWHq","spotify:artist:1Ffb6ejR6Fe5IamqA5oRUF","spotify:artist:46gyXjRIvN1NL1eCB8GBxo","spotify:artist:1o2NpYGqHiCq7FoiYdyd1x"],"tracks_long_term":["spotify:track:08SqE4woLg3D0oceI4v6Co","spotify:track:5Ck0J7PzWuGZ3jKFDneU6E","spotify:track:4kgsK0fftHtg9gZOzkU5T2","spotify:track:3zE7ATRpfliDluoedEUSQr","spotify:track:4ZcGbQ5dOKX6rJk4yvza9R","spotify:track:5sbooPcNgIE22DwO0VNGUJ","spotify:track:5RD9TjTKGTTA61cBw7PImI","spotify:track:5aFQU3VPCQ3YGfKBA4tLfj","spotify:track:1yhYLxe9JYxdm8FtS38hIK","spotify:track:6GmkJJMe9U1tEcrJ3Hq3A1"]},"chosen_tracks":["spotify:track:2xVuumAfdJpWCqqYZbTI1Q","spotify:track:6rH7DwITrq2MhxSSuL91r9","spotify:track:3XRALl9CNCnjjbCZid2L9w","spotify:track:59wlTaYOL5tDUgXnbBQ3my","spotify:track:3ZCTVFBt2Brf31RLEnCkWJ","spotify:track:1PWFyfV7yYhlxHZX2g25wS","spotify:track:6d4ZgdFIHQY6SoAUI5vWf1","spotify:track:5RD9TjTKGTTA61cBw7PImI","spotify:track:3MH3oRNyFb5mNm663xcK7T","spotify:track:7rBJG1BewE3VE7NRbrOhFj"],"feedback":""}