{"user_id":"cd992389197534ed094c5aeddcdcb312","top_tracks":{"artists_short_term":["spotify:artist:5wYga8lT3TNapDC8ciqarN","spotify:artist:1yxSLGMDHlW21z4YXirZDS","spotify:artist:7oPftvlwr6VrsViSDV7fJY"],"artists_long_term":["spotify:artist:0p4nmQO2msCgU4IF37Wi3j","spotify:artist:5wYga8lT3TNapDC8ciqarN","spotify:artist:74XFHRwlV6OrjEM0A2NCMF","spotify:artist:4sf4DrAOkheqktxTyKm7tO","spotify:artist:1yxSLGMDHlW21z4YXirZDS","spotify:artist:7oPftvlwr6VrsViSDV7fJY","spotify:artist:4MMquRKVnKJLWy1FW5vVKO"],"artists_medium_term":["spotify:artist:0p4nmQO2msCgU4IF37Wi3j","spotify:artist:5wYga8lT3TNapDC8ciqarN","spotify:artist:74XFHRwlV6OrjEM0A2NCMF","spotify:artist:4sf4DrAOkheqktxTyKm7tO","spotify:artist:1yxSLGMDHlW21z4YXirZDS","spotify:artist:7oPftvlwr6VrsViSDV7fJY","spotify:artist:4MMquRKVnKJLWy1FW5vVKO"],"tracks_medium_term":["spotify:track:0GLyqTysS0DFoeKjURtB8s","spotify:track:0Hphfy5osy7mS7qdUwe8dH","spotify:track:2rYiDn8FjwBnBPtZDP8to3","spotify:track:6hUQcGznld9GAqA59o5guX","spotify:track:6mHVlI4fvYsdWNM8FrNVkQ","spotify:track:2HXIVcFlCH1jmQK8o94eah","spotify:track:4UJ0GdjPOXXWqLQjUikn2h","spotify:track:5d7BvLIw64Cx2JWuv6IbY0","spotify:track:6bMEJFQQ042ESPWSoeVGLa","spotify:track:0CG1VDIBtoHTPvvBEzqKaY"],"tracks_short_term":["spotify:track:0SiywuOBRcynK0uKGWdCnn","spotify:track:0GLyqTysS0DFoeKjURtB8s","spotify:track:0CG1VDIBtoHTPvvBEzqKaY","spotify:track:0Hphfy5osy7mS7qdUwe8dH","spotify:track:1ZumuSYJxAqI6sKWOO4hJY","spotify:track:1hugUGMKzBjl1EngtaZZVb","spotify:track:2CHeDt8HGGdUVrYQ5Hmr4E","spotify:track:5QSt0jnVuPdQsC9plgW3lz","spotify:track:6hUQcGznld9GAqA59o5guX","spotify:track:6zQBXnRu7Yc42C6qp0trRE"],"tracks_long_term":["spotify:track:0GLyqTysS0DFoeKjURtB8s","spotify:track:0Hphfy5osy7mS7qdUwe8dH","spotify:track:2rYiDn8FjwBnBPtZDP8to3","spotify:track:6hUQcGznld9GAqA59o5guX","spotify:track:6mHVlI4fvYsdWNM8FrNVkQ","spotify:track:2HXIVcFlCH1jmQK8o94eah","spotify:track:4UJ0GdjPOXXWqLQjUikn2h","spotify:track:5d7BvLIw64Cx2JWuv6IbY0","spotify:track:6bMEJFQQ042ESPWSoeVGLa","spotify:track:0CG1VDIBtoHTPvvBEzqKaY"]},"chosen_tracks":["spotify:track:3l9CW99AHtExIRV4hW2N5m","spotify:track:0GLyqTysS0DFoeKjURtB8s","spotify:track:0SiywuOBRcynK0uKGWdCnn","spotify:track:5GuZz08qie5efPtqsQFsdT","spotify:track:2zPEvSxzmCYrpgNn1ZhW4U","spotify:track:5fVZC9GiM4e8vu99W0Xf6J","spotify:track:7d8GetOsjbxYnlo6Y9e5Kw","spotify:track:4zOfy9kqJlG0ZXvcaSh4gv","spotify:track:60a0Rd6pjrkxjPbaKzXjfq","spotify:track:0tWEB6BxbI48XN79QE1JbT"],"feedback":"i like them"}