{"user_id":"cef809f22142b4a93782a7fdb8134374","top_tracks":{"artists_short_term":["spotify:artist:3o2dn2O0FCVsWDFSh8qxgG","spotify:artist:7oPftvlwr6VrsViSDV7fJY","spotify:artist:5JgxqXmh1TrVDZn7gAgqLw","spotify:artist:3OpqU68JpZlzvjAJj3B2Da","spotify:artist:6mdiAmATAx73kdxrNrnlao","spotify:artist:0nmQIMXWTXfhgOBdNzhGOs","spotify:artist:5M52tdBnJaKSvOpJGz8mfZ","spotify:artist:54Xuca1P5nDqfKYZGDfHxl","spotify:artist:1yxSLGMDHlW21z4YXirZDS","spotify:artist:3Z6IRCo7umuk8K2XQy0ZDj"],"tracks_short_term":["spotify:track:5JYZ2PI37UtXCPlpsmKB8f","spotify:track:7mfvOqsvzZaUl7sfbcNk4E","spotify:track:6qopop1Rc9r1RjEIBQhc8d","spotify:track:6W4pRJhZhyO3rz9vTITKRB","spotify:track:3dxiWIBVJRlqh9xk144rf4","spotify:track:5u3l2TONYacJgmRPQVaF9y","spotify:track:0TzbmxnYrlMV6dEln2l9nb","spotify:track:4spfRBAAdrMKR35lZWrgYF","spotify:track:58KPPL1AdLHMvR2O2PZejr","spotify:track:7Lf7oSEVdzZqTA0kEDSlS5"],"tracks_medium_term":["spotify:track:05pN1ltuUivUgSzRlTXhtr","spotify:track:4NEPQ4lRsO2JF5ZMqw63nC","spotify:track:5JYZ2PI37UtXCPlpsmKB8f","spotify:track:6Ue6Ugn1gjC7pXDMMIactM","spotify:track:25YMeLtFhM6UfC1hAoDDyv","spotify:track:3wCoJ2MONhPWJZoHzJOZAt","spotify:track:3hXtTHo8l8XEPwufhz3rTk","spotify:track:2ISTtp57fLlR8YJFi6ZiWh","spotify:track:5FxYMtDDjUdg7ZUecSZdaL","spotify:track:18pxFgGZsFA5Qjyd8PmmUK"],"artists_medium_term":["spotify:artist:54Xuca1P5nDqfKYZGDfHxl","spotify:artist:3o2dn2O0FCVsWDFSh8qxgG","spotify:artist:6uejjWIOshliv2Ho0OJAQN","spotify:artist:5JgxqXmh1TrVDZn7gAgqLw","spotify:artist:6mdiAmATAx73kdxrNrnlao","spotify:artist:2ye2Wgw4gimLv2eAKyk1NB","spotify:artist:72RvmgEg2omdlMV9aExO6a","spotify:artist:1Qp56T7n950O3EGMsSl81D","spotify:artist:3OpqU68JpZlzvjAJj3B2Da","spotify:artist:1cwHLCOp0xUtjZjSMycdNa"],"tracks_long_term":["spotify:track:4bjHuqP6ZPohjtijdrn94G","spotify:track:05pN1ltuUivUgSzRlTXhtr","spotify:track:1Cj2vqUwlJVG27gJrun92y","spotify:track:755MBpLqJqCO87PkoyBBQC","spotify:track:3wCoJ2MONhPWJZoHzJOZAt","spotify:track:6KpO4neDXxGdiEgsivZieY","spotify:track:1miPwGI7xUKfHj6vIpMfP3","spotify:track:3hXtTHo8l8XEPwufhz3rTk","spotify:track:0apfaJdkvxMSWuV1p2LRLv","spotify:track:2r94u49GnyvCgKLx9ieXr6"],"artists_long_term":["spotify:artist:2ye2Wgw4gimLv2eAKyk1NB","spotify:artist:3o2dn2O0FCVsWDFSh8qxgG","spotify:artist:0YC192cP3KPCRWx8zr8MfZ","spotify:artist:6mdiAmATAx73kdxrNrnlao","spotify:artist:54Xuca1P5nDqfKYZGDfHxl","spotify:artist:1hCkSJcXREhrodeIHQdav8","spotify:artist:5M52tdBnJaKSvOpJGz8mfZ","spotify:artist:0k17h0D3J5VfsdmQ1iZtE9","spotify:artist:36QJpDe2go2KgaRleHCDTp","spotify:artist:3OpqU68JpZlzvjAJj3B2Da"]},"chosen_tracks":["spotify:track:6SUudbR4vTazN9Jb7QWQn5","spotify:track:5u3l2TONYacJgmRPQVaF9y","spotify:track:0W35nxtHtFlseSojmygEsf","spotify:track:6KpO4neDXxGdiEgsivZieY","spotify:track:6ISti9YnfSA7lzMj7aWuH1","spotify:track:39m87lOMd5ccENPVvAT7gH","spotify:track:70C4NyhjD5OZUMzvWZ3njJ","spotify:track:1Ud6moTC0KyXMq1Oxfien0","spotify:track:3pWvRhml43vlUrGYlIzLM6","spotify:track:6gCVA6ja6g0foIsWv0RuSZ"],"feedback":""}