{"user_id":"cfcaa60d4200a42c664ce4cb909d973c","top_tracks":{"artists_short_term":["spotify:artist:1Dvfqq39HxvCJ3GvfeIFuT","spotify:artist:4k1ELeJKT1ISyDv8JivPpB","spotify:artist:3qM2kgxt87sXgP2ytxZZv2","spotify:artist:3FILKvtNoiEfCJO9qVNCNF","spotify:artist:0T2UtAigVjFhAy6gu613z6","spotify:artist:4Z8W4fKeB5YxbusRsdQVPb","spotify:artist:3PAXvY08KxX5HmCsmKw4x8","spotify:artist:75U40yZLLPglFgXbDVnmVs","spotify:artist:67koLjNJIwd3at8sM8EAkt","spotify:artist:2mpeljBig2IXLXRAFO9AAs"],"tracks_short_term":["spotify:track:4CeJERRqKjaZXrNmbYJncu","spotify:track:059nvrOpuFQTA6NWvdlsLG","spotify:track:2a2apdi8RxYyUgMkHWIbM6","spotify:track:5tdMOGUUDpO9wZ2tO7IZlp","spotify:track:1mGrcQinPUdMKC3l7qjT0l","spotify:track:6EI1NZssyvqMIw5YdkmtUe","spotify:track:4F76bNVCHNI7ccVDeo8I33","spotify:track:5vPsBBZhyJRcQ7OrBc1ab4","spotify:track:7Bhoi7l3KIdqw2eDa4ILWB","spotify:track:1Ndr87EyAScHo29mmB2gGp"],"tracks_medium_term":["spotify:track:4CeJERRqKjaZXrNmbYJncu","spotify:track:18xvWGURVYg8hUIRHpowNr","spotify:track:0qV5H8ttAXxb1An0rmG2bw","spotify:track:6X29iaaazwho3ab7GNue5r","spotify:track:04zrPERrSO4CfyargthKJ9","spotify:track:3ZCTVFBt2Brf31RLEnCkWJ","spotify:track:0FkLMOUTkSTPSAYkIXQ579","spotify:track:43zdsphuZLzwA9k4DJhU0I","spotify:track:059nvrOpuFQTA6NWvdlsLG","spotify:track:2a2apdi8RxYyUgMkHWIbM6"],"artists_medium_term":["spotify:artist:1Dvfqq39HxvCJ3GvfeIFuT","spotify:artist:3WrFJ7ztbogyGnTHbHJFl2","spotify:artist:0UdXuDV03tv6hh1WSbQlrG","spotify:artist:4GvOygVQquMaPm8oAc0vXi","spotify:artist:5eAWCfyUhZtHHtBdNk56l1","spotify:artist:6qqNVTkY8uBg9cP3Jd7DAH","spotify:artist:4k1ELeJKT1ISyDv8JivPpB","spotify:artist:6eSSPyqys0J4j0kdi3hFrR","spotify:artist:3qM2kgxt87sXgP2ytxZZv2","spotify:artist:2XMxWKPKCxoLkSdpCViCnr"],"artists_long_term":["spotify:artist:43JlwunhXm1oqdKyOa2Z9Y","spotify:artist:22680B8sUdq6bL6nQaJfwg","spotify:artist:0ybFZ2Ab08V8hueghSXm6E","spotify:artist:5RBdF1pJSLF3ugc2Y2PoB8","spotify:artist:3WrFJ7ztbogyGnTHbHJFl2","spotify:artist:75U40yZLLPglFgXbDVnmVs","spotify:artist:0L8ExT028jH3ddEcZwqJJ5","spotify:artist:3Uz6jx81OY2J5K8Z4wmy2P","spotify:artist:2XMxWKPKCxoLkSdpCViCnr","spotify:artist:6v8FB84lnmJs434UJf2Mrm"],"tracks_long_term":["spotify:track:3c7N2fCFB4JVKGF8cWfteh","spotify:track:5g2J8zkYoREF1NOJuCuXGc","spotify:track:2m6knc5tEfzVYwGY6GlCPm","spotify:track:1rFmHtg8I3YxF22TFkbOKP","spotify:track:6X3km3A3Wc5o1mQ6gRdSmo","spotify:track:2nZKShIb4aex7YWX0HLzEn","spotify:track:7wlcweEsneQgizqNOrUqJE","spotify:track:08o9yCplgxLM11ymhvkbl8","spotify:track:2Th9BGKvfZG8bKQSACitwG","spotify:track:1WCbWyu8mRrOk5Su9yPnkO"]},"chosen_tracks":["spotify:track:2sJveA0JUlXaG2Ebp0CRP2","spotify:track:4CeJERRqKjaZXrNmbYJncu","spotify:track:3hn2s09PyNrYSqCnhYjm7L","spotify:track:2mmygsZnoEzJHXzEMgLd76","spotify:track:71LsKf3xISiOlY1mj7FFPP","spotify:track:5s6KJrSED9FbmsSSAi2xCB","spotify:track:51XbAIuuAomQ4ZeMboTSdx","spotify:track:63dsJOlnppq2FdTMebTNYB","spotify:track:5jxKCf7EPQCoiMgD5Fzjlq","spotify:track:0ppdt8zRZOHIKh4ZDB0Zp9"],"feedback":""}