{"user_id":"d66c26b7ce8463050cb39093a552fbc5","top_tracks":{"artists_short_term":["spotify:artist:1Ffb6ejR6Fe5IamqA5oRUF"],"tracks_short_term":["spotify:track:0M3adYbGtyRHACP86dey1H","spotify:track:17VNj9I0PtdfipANrjCZIQ","spotify:track:1JdWRS3PBZlSgKcPKcULtr","spotify:track:0WSa1sucoNRcEeULlZVQXj","spotify:track:0v1QET6Q1YD7HQK4FBT8on","spotify:track:2eZjO58Qe9og2xmyfw4qwJ","spotify:track:35CBV1M9spIgJgBYjK21Tc","spotify:track:4YVURBa2pgo25Imn0iGdTT","spotify:track:4pUaTbstTe6dCEgZ6ziP7j","spotify:track:6baGTtDakSNvUfW3FJd8yX"],"tracks_medium_term":["spotify:track:58eCbxADTxNYKK7mlTaB49","spotify:track:4XPQYTZjYyrXrTvPmuRTlB","spotify:track:6lUyyCRoT2wvtGlQQEpk3U","spotify:track:0askij29rvVKPsRJMOXfor","spotify:track:39ZoBfsxxCALNNHUSs4O84","spotify:track:6hqQPoB1yYKcLfByfxO8he","spotify:track:3K16ZsnNjOTY1Esnrx0rQg","spotify:track:0UavwCicOnQwMuh67yaxM3","spotify:track:1G60NjxeOS7veR1EXuKPaW","spotify:track:29DtnnI3erxbj2rZZye7yq"],"tracks_long_term":["spotify:track:58eCbxADTxNYKK7mlTaB49","spotify:track:0askij29rvVKPsRJMOXfor","spotify:track:4XPQYTZjYyrXrTvPmuRTlB","spotify:track:1zFnf1wfXOl3zX0SrRBTfn","spotify:track:6lUyyCRoT2wvtGlQQEpk3U","spotify:track:4XPrEwXIu8UhlggytlSqPr","spotify:track:1Gz7bWYEsk7VLHfjbZLXOi","spotify:track:3TjQAc2PzWzlSDrnq61J1y","spotify:track:3ViTZxW9satrTEMRu1GCLV","spotify:track:2OWzYwHG22N4YoGvgcmNLD"],"artists_medium_term":["spotify:artist:65EXuYHVoehCKqp0kOS6px","spotify:artist:2KtnZQwMQJN3uyI8eHZRvm","spotify:artist:3r6Sk3pYxdJk7MekhBGgMR","spotify:artist:6S2tas4z6DyIklBajDqJxI","spotify:artist:1Ffb6ejR6Fe5IamqA5oRUF","spotify:artist:7Fl4F5eJRtPMEl3jTYMUQt","spotify:artist:05fG473iIaoy82BF1aGhL8","spotify:artist:3EA6XTfIMRHrecqMdNqHGx","spotify:artist:0GDGKpJFhVpcjIGF8N6Ewt","spotify:artist:14hrBz5DCv4MOBZ9CImpY6"],"artists_long_term":["spotify:artist:65EXuYHVoehCKqp0kOS6px","spotify:artist:3EA6XTfIMRHrecqMdNqHGx","spotify:artist:6qDQ6rJG5TOT7PppxBKhqI","spotify:artist:6S2tas4z6DyIklBajDqJxI","spotify:artist:2KtnZQwMQJN3uyI8eHZRvm","spotify:artist:37J1PlAkhRK7yrZUtqaUpQ","spotify:artist:0GDGKpJFhVpcjIGF8N6Ewt","spotify:artist:05fG473iIaoy82BF1aGhL8","spotify:artist:77yY2QmM6bYvjJ3y5L2R0v","spotify:artist:7Fl4F5eJRtPMEl3jTYMUQt"]},"chosen_tracks":["spotify:track:3Gbj3APyVHwUzpnHBCtGKP","spotify:track:42SUa6JzPccYEuyFEErled","spotify:track:3X6kOX7MpqfiJrQwAK0WNw","spotify:track:7hAT6At47OKv4n3VvTvviE","spotify:track:58eCbxADTxNYKK7mlTaB49","spotify:track:6JvEXmRh3l2acBzvqavgT9","spotify:track:1WmhZyyBoPUz0j8QUzvtJ7","spotify:track:0FtHZFjPoDL6kQGNi4JUOq","spotify:track:6jgfUqD2uVpSVsHhtw7Wln","spotify:track:0rIM9KmelnWbJPsjhqlrS7"],"feedback":""}