{"user_id":"d7e9a0927928e071bb2b18da3ba84caa","top_tracks":{"artists_short_term":["spotify:artist:5INjqkS1o8h1imAzPqGZBb","spotify:artist:1Bl6wpkWCQ4KVgnASpvzzA","spotify:artist:3mIj9lX2MWuHmhNCA7LSCW","spotify:artist:5K4W6rqBFWDnAN6FQUkS6x","spotify:artist:67hb7towEyKvt5Z8Bx306c","spotify:artist:0H39MdGGX6dbnnQPt6NQkZ","spotify:artist:3TVXtAsR1Inumwj472S9r4","spotify:artist:6ASri4ePR7RlsvIQgWPJpS","spotify:artist:0C8ZW7ezQVs4URX5aX7Kqx","spotify:artist:5Y8eJDj37KhaEeqbVO7Ag1"],"tracks_short_term":["spotify:track:2lTtnKQgjbrBA1qnOFhBkP","spotify:track:5hM5arv9KDbCHS0k9uqwjr","spotify:track:24Yi9hE78yPEbZ4kxyoXAI","spotify:track:5JWPUEov2wlX7c0jhYZpeB","spotify:track:6K4t31amVTZDgR3sKmwUJJ","spotify:track:3H7ihDc1dqLriiWXwsc2po","spotify:track:15eWNa3kpCPKILbSvvzSWl","spotify:track:0TrPqhAMoaKUFLR7iYDokf","spotify:track:23TPP1eeElFfvYVznskwCY","spotify:track:3VyjsVV24RmBIbWJAeUJNu"],"artists_medium_term":["spotify:artist:1Bl6wpkWCQ4KVgnASpvzzA","spotify:artist:5K4W6rqBFWDnAN6FQUkS6x","spotify:artist:3mIj9lX2MWuHmhNCA7LSCW","spotify:artist:3TVXtAsR1Inumwj472S9r4","spotify:artist:26VFTg2z8YR0cCuwLzESi2","spotify:artist:5INjqkS1o8h1imAzPqGZBb","spotify:artist:6LuN9FCkKOj5PcnpouEgny","spotify:artist:0C8ZW7ezQVs4URX5aX7Kqx","spotify:artist:4NHQUGzhtTLFvgF5SZesLK","spotify:artist:55fhWPvDiMpLnE4ZzNXZyW"],"tracks_medium_term":["spotify:track:24Yi9hE78yPEbZ4kxyoXAI","spotify:track:3ZCTVFBt2Brf31RLEnCkWJ","spotify:track:2QpGZOhTCHHiKmpSO9FW4h","spotify:track:33DzKnwuBE6lfOiADwzd5E","spotify:track:0sf12qNH5qcw8qpgymFOqD","spotify:track:6XNANAB7sFvkfho6bMCp7o","spotify:track:23TPP1eeElFfvYVznskwCY","spotify:track:4rmIfFUZhhi9sS5IYtpkXw","spotify:track:2SasoXZyv82yYgHiVOvxQn","spotify:track:3VyjsVV24RmBIbWJAeUJNu"],"artists_long_term":["spotify:artist:3TVXtAsR1Inumwj472S9r4","spotify:artist:66CXWjxzNUsdJxJ2JdwvnR","spotify:artist:1Bl6wpkWCQ4KVgnASpvzzA","spotify:artist:3mIj9lX2MWuHmhNCA7LSCW","spotify:artist:6LuN9FCkKOj5PcnpouEgny","spotify:artist:6qqNVTkY8uBg9cP3Jd7DAH","spotify:artist:1Xyo4u8uXC1ZmMpatF05PJ","spotify:artist:69GGBxA162lTqCwzJG5jLp","spotify:artist:246dkjvS1zLTtiykXe5h60","spotify:artist:5ZsFI1h6hIdQRw2ti0hz81"],"tracks_long_term":["spotify:track:4aSfgWmRa9KsISD4Jmx7QB","spotify:track:4rmIfFUZhhi9sS5IYtpkXw","spotify:track:33DzKnwuBE6lfOiADwzd5E","spotify:track:0h9bwHojcS1hSBon4YKK81","spotify:track:5pzeevBDvU6GVXqUKoiYDX","spotify:track:2DgMxFMUQRPthW4ROhjen1","spotify:track:7HRv1sYuwgoea1m0JRvChV","spotify:track:14kYOiFVPb7E7NfFbqhdln","spotify:track:4Zft1h1zRfkBqlAo4qEPqp","spotify:track:6XNANAB7sFvkfho6bMCp7o"]},"chosen_tracks":["spotify:track:2lTtnKQgjbrBA1qnOFhBkP","spotify:track:24Yi9hE78yPEbZ4kxyoXAI","spotify:track:6K4t31amVTZDgR3sKmwUJJ","spotify:track:5JWPUEov2wlX7c0jhYZpeB","spotify:track:73SpzrcaHk0RQPFP73vqVR","spotify:track:694vvR5o19xHPhhJ5QdLN7","spotify:track:2aPTvyE09vUCRwVvj0I8WK","spotify:track:23TPP1eeElFfvYVznskwCY","spotify:track:0rKtyWc8bvkriBthvHKY8d","spotify:track:0sf12qNH5qcw8qpgymFOqD"],"feedback":"These are all some of my favourite songs :)"}