{"user_id":"d9aeb7eebe735cd0a5ca14fe341bbd7e","top_tracks":{"artists_short_term":["spotify:artist:74XFHRwlV6OrjEM0A2NCMF","spotify:artist:5nGIFgo0shDenQYSE0Sn7c","spotify:artist:040Fqhc0l7a4MPeDx6cneh","spotify:artist:0SfsnGyD8FpIN4U4WCkBZ5","spotify:artist:0p4nmQO2msCgU4IF37Wi3j","spotify:artist:5MmVJVhhYKQ86izuGHzJYA","spotify:artist:1oKEwFVWeM8KoMK8p5pOoe","spotify:artist:7vk5e3vY1uw9plTHJAMwjN","spotify:artist:53XhwfbYqKCa1cC15pYq2q","spotify:artist:1xT5p0VBpnZDrvVSjX9sri"],"tracks_short_term":["spotify:track:0TzbmxnYrlMV6dEln2l9nb","spotify:track:5i4zbHovxe43ohUdiso6Od","spotify:track:73ACPH1HBxaFvjbPqvs5O2","spotify:track:2NjhV99ncY4A5lSkTHvTtU","spotify:track:4DFLe29ryqXWs4AXYPm7pB","spotify:track:5u8F359esydVGN4thHmSRz","spotify:track:3UkDyGtriDY7NzOJbF0rIH","spotify:track:6sW6EvagT9ljwokJlG6obt","spotify:track:6mZHZgPHuHDgY0LaGU3NkH","spotify:track:4VO8CRItRuli3cnQLBDpvv"],"artists_medium_term":["spotify:artist:74XFHRwlV6OrjEM0A2NCMF","spotify:artist:5nGIFgo0shDenQYSE0Sn7c","spotify:artist:040Fqhc0l7a4MPeDx6cneh","spotify:artist:0SfsnGyD8FpIN4U4WCkBZ5","spotify:artist:0p4nmQO2msCgU4IF37Wi3j","spotify:artist:7vk5e3vY1uw9plTHJAMwjN","spotify:artist:1dfeR4HaWDbWqFHLkxsg1d","spotify:artist:72qVrKXRp9GeFQOesj0Pmv","spotify:artist:1xT5p0VBpnZDrvVSjX9sri","spotify:artist:7u12AuhJ5AaJIgZAZe0US8"],"tracks_medium_term":["spotify:track:04BSvYghzdxjSJNpee36er","spotify:track:4UzVcXufOhGUwF56HT7b8M","spotify:track:5i4zbHovxe43ohUdiso6Od","spotify:track:0UY4FvG4f9JI6kBR1BlWrZ","spotify:track:2VBluJiNj9bKohWX0dY1Lh","spotify:track:3l9CW99AHtExIRV4hW2N5m","spotify:track:5ZULALImTm80tzUbYQYM9d","spotify:track:2myJNvcL71V5IZ1N2NW29O","spotify:track:0aYUqsvZG7bAslrUkd9Z0g","spotify:track:0Xo58q108awPXG1QDBGtaf"],"tracks_long_term":["spotify:track:4dkSf57y4ySgLKXs4g5FfT","spotify:track:4J4zx8xGJpuGndrVc06KaT","spotify:track:04pjfS3YIK6gXjxi1zHeZa","spotify:track:5yFSF6qQA1rcLsQRnBsZgb","spotify:track:7ej6hXuIvbHAz5tKRikMi1","spotify:track:0JiVRyTJcJnmlwCZ854K4p","spotify:track:5173EmOj6tDEg4bP5LO3ws","spotify:track:2r9hCNjupNy2C2g3r6SNz6","spotify:track:19XDJlw6WxC4XOKC1LGKid","spotify:track:4qXazIgF98vP9x4PzQmZkY"],"artists_long_term":["spotify:artist:0SfsnGyD8FpIN4U4WCkBZ5","spotify:artist:74XFHRwlV6OrjEM0A2NCMF","spotify:artist:5nGIFgo0shDenQYSE0Sn7c","spotify:artist:040Fqhc0l7a4MPeDx6cneh","spotify:artist:7vk5e3vY1uw9plTHJAMwjN","spotify:artist:0p4nmQO2msCgU4IF37Wi3j","spotify:artist:1dfeR4HaWDbWqFHLkxsg1d","spotify:artist:1vCWHaC5f2uS3yhpwWbIA6","spotify:artist:6BrvowZBreEkXzJQMpL174","spotify:artist:0EmeFodog0BfCgMzAIvKQp"]},"chosen_tracks":["spotify:track:0eHxqgbpr2ptXQtw8Ab3ve","spotify:track:4iDQezFTnOwgnrPYiqQ6TP","spotify:track:6sW6EvagT9ljwokJlG6obt","spotify:track:1t7VssS676p12e1GKx2Rgr","spotify:track:2XU0oxnq2qxCpomAAuJY8K","spotify:track:6ZJ7gv4YmbFAHCHMwsB8ZL","spotify:track:7HbqsEV7D3R9Mk7dGbIyOI","spotify:track:0nrWZWkJM62ftQJSI8fDc0","spotify:track:5ZdrNnYV5VZWds4WXKf8kf","spotify:track:6GPpocnUJbzMNMTJDLYCim"],"feedback":""}