{"user_id":"dcf24a9f3048fd7d242b40e3b961ad09","top_tracks":{"artists_short_term":["spotify:artist:1oA1SW4FRAis6e8krh5YAf","spotify:artist:1YqGsKpdixxSVgpfaL2AEQ","spotify:artist:31jvzuB4ikftPQZJwrYfCF","spotify:artist:4Uv5bceTJ2h3tLlssUNDNP","spotify:artist:2Omy3P5hFZym7FKum1JA1s","spotify:artist:34PLzyi7CdXUekiLHYyqXq","spotify:artist:4QTVePrFu1xuGM9K0kNXkk","spotify:artist:0qqxspZOkbN00bu6DaRIrn","spotify:artist:0caJEGgVuXuSHhhrMCmlkI","spotify:artist:0oSGxfWSnnOXhD2fKuz2Gy"],"tracks_short_term":["spotify:track:2xdkdWe99CkSXWbP13BVqL","spotify:track:2tPNoYGaDmDWYCk1hO4ko9","spotify:track:7n6p3W5zPqouWs1gDkioUl","spotify:track:4l9VeOgjTRo6i8sE847ib3","spotify:track:145yOMGLGYyQ8b87DSieJk","spotify:track:4Ogwr1slj6yf5V6FJOI0U7","spotify:track:4rHIGjDTXXL9Eudf3YF036","spotify:track:7kqr8fRVH4aKyeaV7qnyee","spotify:track:7g9vRdPzbIGjhcnsr8KSgv","spotify:track:6yhLR2sVn1IfsScVrR4ocr"],"artists_medium_term":["spotify:artist:1oA1SW4FRAis6e8krh5YAf","spotify:artist:1YqGsKpdixxSVgpfaL2AEQ","spotify:artist:4if49KlQEdVNk97CQYSFvt","spotify:artist:0pnd3MP2rxAzljR9AqXUJB","spotify:artist:5X4rDg0EbvL1QPe8riovRB","spotify:artist:31jvzuB4ikftPQZJwrYfCF","spotify:artist:4Uv5bceTJ2h3tLlssUNDNP","spotify:artist:738wLrAtLtCtFOLvQBXOXp","spotify:artist:05fG473iIaoy82BF1aGhL8","spotify:artist:14LozkEAa2uuZh0K4N7erW"],"tracks_medium_term":["spotify:track:2xdkdWe99CkSXWbP13BVqL","spotify:track:3sK5NRVvDMMS7gtnjlyXvR","spotify:track:3CquKnp4qhY1TluJA9YUrq","spotify:track:5hI4RRn6wXpEZJUhvkTUNV","spotify:track:4qNiwnhgXAeRzRe9lJfna2","spotify:track:0C3QADQBYFjcSeU8bY7Oex","spotify:track:67IB9ZfmbFmo7S4Y1Ve2ti","spotify:track:411kQEOADGF9vljUQfvnmg","spotify:track:4MoA4ktCpt7w59Wnk0V38H","spotify:track:2034yfdK2i4IiOYmPeon6T"],"tracks_long_term":["spotify:track:7J9mBHG4J2eIfDAv5BehKA","spotify:track:7d2VQBS8CTvgig9Xh5roNk","spotify:track:1gWZT1EMSkqsjoMhBSeegs","spotify:track:7cz506PyIgh2bMN90Mc8Tn","spotify:track:0xHajFt9da19XukzC2z1Sk","spotify:track:4yIB1ij0pS9eiRYtSyB8XE","spotify:track:1lAgtcp1KQRQS10m2yCgvm","spotify:track:4GAiglNeHD3IioCb6ZFm45","spotify:track:6JEWDRfYmn51nfA7SUiN7u","spotify:track:4XiGKQqbmnMVxDzUj6j3f2"],"artists_long_term":["spotify:artist:5rx7lpIuya41ws2oWXRiGu","spotify:artist:246dkjvS1zLTtiykXe5h60","spotify:artist:6nS5roXSAGhTGr34W6n7Et","spotify:artist:1xdB9gS1NrKEYgZUEfoqIw","spotify:artist:738wLrAtLtCtFOLvQBXOXp","spotify:artist:5HYNPEO2NNBONQkp3Mvwvc","spotify:artist:4E1kp6gNDweuoJ7UIrTbgU","spotify:artist:7x83XhcMbOTl1UdYsPTuZM","spotify:artist:5mscNJ6lE9Kj7tWv4iCk7y","spotify:artist:6C0KWmCdqrLU2LzzWBPbOy"]},"chosen_tracks":["spotify:track:7lMFAK8dv0QkWpIlZcWQlJ","spotify:track:0CcqWuAEJC93K8cBMbAjgI","spotify:track:3o1AFukFi4OhiNW23wDbaj","spotify:track:2xdkdWe99CkSXWbP13BVqL","spotify:track:2lU7wi6V6RpYKYdelZqms6","spotify:track:2LXjdEdTPGjt4rp4DkGUqX","spotify:track:1naXrE7tX1peW9zL2LlziG","spotify:track:6Qz16SzVoh56mraGNagI99"],"feedback":"I listen to things I like, a bit of a random mix."}