{"user_id":"de7770de703c62be26194fa3704ce53e","top_tracks":{"artists_short_term":["spotify:artist:3WrFJ7ztbogyGnTHbHJFl2","spotify:artist:5BJ7GXyi2tVyoKMQM7cSpM","spotify:artist:6fNmOWQzfOVyHLQ2UqUQew","spotify:artist:2AM4ilv6UzW0uMRuqKtDgN","spotify:artist:00hfOKuZEhvKKNXmVdb1We","spotify:artist:0L8ExT028jH3ddEcZwqJJ5","spotify:artist:4uBSazM6snEc9wCG3jMlYt"],"tracks_short_term":["spotify:track:3ZOEytgrvLwQaqXreDs2Jx","spotify:track:3UD4sghkq8dHUwvKxln1nB","spotify:track:34gCuhDGsG4bRPIf9bb02f","spotify:track:47wPvRG8FEwbZP22UBgTQr","spotify:track:1BTga4YssQqknxeqANg4zw","spotify:track:1jnUXW29r0JgYRcQmC3gIp","spotify:track:0f9h8awV1X4jSllHXXYdfX","spotify:track:3AJwUDP919kvQ9QcozQPxg","spotify:track:0sRAziWSeUedBSKjapsy9F","spotify:track:0voUr8lubIafUVJlauJxYF"],"artists_medium_term":["spotify:artist:3WrFJ7ztbogyGnTHbHJFl2","spotify:artist:11eMUz0TneZVeXFsyczuIk","spotify:artist:5BJ7GXyi2tVyoKMQM7cSpM","spotify:artist:0nvVCoiYH184eR8CDXfx3r","spotify:artist:7oPftvlwr6VrsViSDV7fJY","spotify:artist:4Mf7kNFWBvLaHhbn68Z5fn","spotify:artist:1Mxqyy3pSjf8kZZL4QVxS0","spotify:artist:4XledAXhDbOtA5gIg7gvbF","spotify:artist:70cRZdQywnSFp9pnc2WTCE","spotify:artist:5gznATMVO85ZcLTkE9ULU7"],"tracks_medium_term":["spotify:track:34gCuhDGsG4bRPIf9bb02f","spotify:track:64yrDBpcdwEdNY9loyEGbX","spotify:track:2nxzEMUmIhSJeGBaXgh30x","spotify:track:1eq1wUnLVLg4pdEfx9kajC","spotify:track:1hwJKpe0BPUsq6UUrwBWTw","spotify:track:3ZOEytgrvLwQaqXreDs2Jx","spotify:track:2KH16WveTQWT6KOG9Rg6e2","spotify:track:4MsRRf9TVTzPWLNRfkHWqh","spotify:track:6mnXklULvOG0mTkNvhQLMr","spotify:track:4sjLcE0GQ6urc4iUXsUPe9"],"artists_long_term":["spotify:artist:7oPftvlwr6VrsViSDV7fJY","spotify:artist:3WrFJ7ztbogyGnTHbHJFl2","spotify:artist:5gznATMVO85ZcLTkE9ULU7","spotify:artist:6mdiAmATAx73kdxrNrnlao","spotify:artist:2ye2Wgw4gimLv2eAKyk1NB","spotify:artist:1DFr97A9HnbV3SKTJFu62M","spotify:artist:3fMbdgg4jU18AjLCKBhRSm","spotify:artist:711MCceyCBcFnzjGY4Q7Un","spotify:artist:5BJ7GXyi2tVyoKMQM7cSpM","spotify:artist:6zmLTiN3NBNCDECRbbJKkT"],"tracks_long_term":["spotify:track:1eq1wUnLVLg4pdEfx9kajC","spotify:track:2nxzEMUmIhSJeGBaXgh30x","spotify:track:34gCuhDGsG4bRPIf9bb02f","spotify:track:64yrDBpcdwEdNY9loyEGbX","spotify:track:1hwJKpe0BPUsq6UUrwBWTw","spotify:track:2KH16WveTQWT6KOG9Rg6e2","spotify:track:6ukMqDxnOPOgoHdak7Kyp3","spotify:track:5rb9QrpfcKFHM1EUbSIurX","spotify:track:2ovGAq518nS5EANvj9pUrS","spotify:track:3AJwUDP919kvQ9QcozQPxg"]},"chosen_tracks":["spotify:track:1oht5GevPN9t1T3kG1m1GO","spotify:track:1Qa0Y05al633fG8f9Peytc","spotify:track:5neQ6EwRFLQijwXgiJ74Ta","spotify:track:423hwXFgoN8RYmqLoLuVvY","spotify:track:0P7DoyGrr4Wp9w5TotEtUC"],"feedback":""}