{"user_id":"de78aec7d579195fa999ce1522050bfe","top_tracks":{"artists_short_term":["spotify:artist:53XhwfbYqKCa1cC15pYq2q","spotify:artist:2q3GG88dVwuQPF4FmySr9I","spotify:artist:4RddZ3iHvSpGV4dvATac9X","spotify:artist:3AQRLZ9PuTAozP28Skbq8V","spotify:artist:1h6Cn3P4NGzXbaXidqURXs","spotify:artist:5eAWCfyUhZtHHtBdNk56l1","spotify:artist:4ITkqBlf5eoVCOFwsJCnqo","spotify:artist:0RqtSIYZmd4fiBKVFqyIqD","spotify:artist:5BtHciL0e0zOP7prIHn3pP","spotify:artist:01Er12nK5rrnHx8usFPJAs"],"artists_medium_term":["spotify:artist:2q3GG88dVwuQPF4FmySr9I","spotify:artist:53XhwfbYqKCa1cC15pYq2q","spotify:artist:0RqtSIYZmd4fiBKVFqyIqD","spotify:artist:4RddZ3iHvSpGV4dvATac9X","spotify:artist:5eAWCfyUhZtHHtBdNk56l1","spotify:artist:4ITkqBlf5eoVCOFwsJCnqo","spotify:artist:1h6Cn3P4NGzXbaXidqURXs","spotify:artist:2xiIXseIJcq3nG7C8fHeBj","spotify:artist:5BtHciL0e0zOP7prIHn3pP","spotify:artist:3AQRLZ9PuTAozP28Skbq8V"],"tracks_short_term":["spotify:track:6Qn5zhYkTa37e91HC1D7lb","spotify:track:2FY7b99s15jUprqC0M5NCT","spotify:track:2RSHsoi04658QL5xgQVov3","spotify:track:5qaEfEh1AtSdrdrByCP7qR","spotify:track:14epucTZd8dLIYipdByNZS","spotify:track:6OtCIsQZ64Vs1EbzztvAv4","spotify:track:5lWmgyRpYe9wLy3P5TMSkp","spotify:track:0kHyKhJMukHEPfeh8s7rdM","spotify:track:5ACG6R1PbFnP7WHZNVDHAi","spotify:track:6Tvzf3VEi16JMhAgOwdt2y"],"tracks_medium_term":["spotify:track:5cRPdqpWkaNmIbPi6wJDg2","spotify:track:6Tvzf3VEi16JMhAgOwdt2y","spotify:track:0sJ4NbFdEhgLOtInlbRmFl","spotify:track:7Fv8Qp3tTSbSS2VjryUF7L","spotify:track:2cppGOIz0cuDnKoGzrDsJQ","spotify:track:2nBJkaHBZkWtN98CNRf4yO","spotify:track:2FY7b99s15jUprqC0M5NCT","spotify:track:2VGQ342iuqj6aSaYbyBQVJ","spotify:track:6Qn5zhYkTa37e91HC1D7lb","spotify:track:1ZaeaGLhFSckG8sv1y7AWk"],"artists_long_term":["spotify:artist:2q3GG88dVwuQPF4FmySr9I","spotify:artist:53XhwfbYqKCa1cC15pYq2q","spotify:artist:0RqtSIYZmd4fiBKVFqyIqD","spotify:artist:4RddZ3iHvSpGV4dvATac9X","spotify:artist:5eAWCfyUhZtHHtBdNk56l1","spotify:artist:4ITkqBlf5eoVCOFwsJCnqo","spotify:artist:1h6Cn3P4NGzXbaXidqURXs","spotify:artist:3AQRLZ9PuTAozP28Skbq8V","spotify:artist:2xiIXseIJcq3nG7C8fHeBj","spotify:artist:5BtHciL0e0zOP7prIHn3pP"],"tracks_long_term":["spotify:track:5uaIbU3oHHcSOK6WFNK5nj","spotify:track:0ekyKwGvJYXo03wAitRlwv","spotify:track:51dDu0VnSAWql8QNjDQMqA","spotify:track:5EHtUEFJ9trrc3cNNfBfJj","spotify:track:7LYCEXrtvjoy4GtRXbf8ap","spotify:track:1y3Ml1b1c4v3ZdpbWLKD1F","spotify:track:7j7fS14vlwVk0Pfnr0hovC","spotify:track:3RTSwqeT3UDNUhMECiJ99K","spotify:track:5IzZpz0vA73IIjqFPpXSXP","spotify:track:36tHjS7rUx8ps8GPZujXHi"]},"chosen_tracks":["spotify:track:0snQkGI5qnAmohLE7jTsTn","spotify:track:2DlHlPMa4M17kufBvI2lEN","spotify:track:4e9eGQYsOiBcftrWXwsVco","spotify:track:2RSHsoi04658QL5xgQVov3","spotify:track:6Qn5zhYkTa37e91HC1D7lb","spotify:track:2FY7b99s15jUprqC0M5NCT","spotify:track:5cRPdqpWkaNmIbPi6wJDg2","spotify:track:5W8YXBz9MTIDyrpYaCg2Ky","spotify:track:1SNipdzMky2C2LwvoVRzsv","spotify:track:170bb45dHeLQdCZjAltIiB"],"feedback":""}