{"user_id":"e1e64d4a5f5079fb279febd167de8cab","top_tracks":{"artists_short_term":["spotify:artist:7iHZBMCzbCoiG7CUZQvfHN","spotify:artist:2DvbYXMiUAQuupPEQnIt1I","spotify:artist:1WEuPIVLIhDerauXzhQHP1","spotify:artist:5goKVjLW9wcaX9hLn6P0pS","spotify:artist:4BqilCCtLl5MiIEZVVYPmn","spotify:artist:0n94vC3S9c3mb2HyNAOcjg","spotify:artist:3or38LBDywUNfwESMJMvfD","spotify:artist:6QqP5xUU5xVAZ78b4947rm"],"tracks_short_term":["spotify:track:6ckOTl7cglZjUqMmHa26eW","spotify:track:7dkF74yBZXGz1VllRzVpPF","spotify:track:3nLTVPNn09GdU6NaHL5XLz","spotify:track:2Fdfg29FCFa05mcoHPmczU","spotify:track:3cX88zFRBuqVv5Hp8JvwQs","spotify:track:0mD1a7haZKdX9I0oPywrMb","spotify:track:1CSaCKPIp2yCIDL3t7Fyau","spotify:track:7B4HbpZCSfLzKGapKzlUPD","spotify:track:4qwVDKtcQkh3ykhi21HoMg","spotify:track:7fmExiQZjHLyDv5SC1EhDg"],"artists_medium_term":["spotify:artist:1rKrEdI6GKirxWHxIUPYms","spotify:artist:6BtMdMLjwxwV29m5nKItze","spotify:artist:040Fqhc0l7a4MPeDx6cneh","spotify:artist:1V7VCZHLtMbbG4CGitP9nq","spotify:artist:19j0iFmJ5A6CMT0MVZZU4O","spotify:artist:0SlejFsyHq7i1ZgWoRWdH2","spotify:artist:1HVwzNriKEjaeE06okqSpx","spotify:artist:3uRiRPjrmHJh5zRLNiT1wL","spotify:artist:5fBVM70bd9z2d70XwIgKyS","spotify:artist:0ZLfGbfO9xjpfna1pN8BeX"],"tracks_medium_term":["spotify:track:6ckOTl7cglZjUqMmHa26eW","spotify:track:7dkF74yBZXGz1VllRzVpPF","spotify:track:3nLTVPNn09GdU6NaHL5XLz","spotify:track:2Fdfg29FCFa05mcoHPmczU","spotify:track:3cX88zFRBuqVv5Hp8JvwQs","spotify:track:0mD1a7haZKdX9I0oPywrMb","spotify:track:1CSaCKPIp2yCIDL3t7Fyau","spotify:track:7B4HbpZCSfLzKGapKzlUPD","spotify:track:2hXF3jY0Bw2rEBdtCD3cot","spotify:track:1K3LRUEcUz5FMtPYyg0F45"],"artists_long_term":["spotify:artist:41DrRUEBv53JlVGWDMRHsA","spotify:artist:15UsOTVnJzReFVN1VCnxy4","spotify:artist:2YZyLoL8N0Wb9xBt1NhZWg","spotify:artist:6Xgp2XMz1fhVYe7i6yNAax","spotify:artist:3AlRiyjMywTVNzTcHbf9QT","spotify:artist:0HDMwoCS316xhKCZlJPBnc","spotify:artist:6INEFmHKLhMIJAQzHUBAMd","spotify:artist:1wFoE1RwBMWoWkXcFrCgsx","spotify:artist:4O15NlyKLIASxsJ0PrXPfz","spotify:artist:246dkjvS1zLTtiykXe5h60"],"tracks_long_term":["spotify:track:7m9OqQk4RVRkw9JJdeAw96","spotify:track:2yZax79pOrYuyIFVW2cZY2","spotify:track:2eMwDehkIC1j68U6FA3Eiq","spotify:track:7AQim7LbvFVZJE3O8TYgf2","spotify:track:4cGeMgLcykDLAazHFpbZbU","spotify:track:7floNISpH8VF4z4459Qo18","spotify:track:5WOZGBZKmej0t3RSGi9SSF","spotify:track:11POUspfd8jBHTPV61uy31","spotify:track:2ANLarE8yHVsLWW21nj79M","spotify:track:6i6cWTCYBOKEdJnWjzm2yk"]},"chosen_tracks":["spotify:track:75JFxkI2RXiU7L9VXzMkle","spotify:track:7LVHVU3tWfcxj5aiPFEW4Q","spotify:track:0rhkXWC0OGiOPb5fiDQ0cE","spotify:track:51H2y6YrNNXcy3dfc3qSbA","spotify:track:0X1FYVkgy7Tfw79cY3C7lx"],"feedback":""}