{"user_id":"e2ceb6b049687f5fdff2936b25b3e6e9","top_tracks":{"artists_short_term":["spotify:artist:6eUKZXaKkcviH0Ku9w2n3V","spotify:artist:2hR4h1Cao2ueuI7Cx9c7V8","spotify:artist:6qqNVTkY8uBg9cP3Jd7DAH","spotify:artist:06HL4z0CvFAxyc27GXpf02","spotify:artist:1zNqDE7qDGCsyzJwohVaoX","spotify:artist:2jnIB6XdLvnJUeNTy5A0J2","spotify:artist:1MIVXf74SZHmTIp4V4paH4","spotify:artist:2FXC3k01G6Gw61bmprjgqS","spotify:artist:56oDRnqbIiwx4mymNEv7dS","spotify:artist:5JZ7CnR6gTvEMKX4g70Amv"],"artists_medium_term":["spotify:artist:6eUKZXaKkcviH0Ku9w2n3V","spotify:artist:06HL4z0CvFAxyc27GXpf02","spotify:artist:6vWDO969PvNqNYHIOW5v0m","spotify:artist:3QLPy7F0m9XgChp2Lk9B3N","spotify:artist:4rF7c8zpCKzuSXohs2HIpA","spotify:artist:5Z2NUZiY3FA00HKu5WTMhA","spotify:artist:56oDRnqbIiwx4mymNEv7dS","spotify:artist:3WfJ1OtrWI7RViX9DMyEGy","spotify:artist:6JL8zeS1NmiOftqZTRgdTz","spotify:artist:13saZpZnCDWOI9D4IJhp1f"],"tracks_short_term":["spotify:track:6h2wpo2pshM8QnAvRySEO0","spotify:track:38YgZVHPWOWsKrsCXz6JyP","spotify:track:7uYIX9O9DY6l1D3HiwHR1J","spotify:track:0h77yfaXxrLMLz31uNDigN","spotify:track:3i8zsYoNVBR70hhGaZUbxK","spotify:track:07Oz5StQ7GRoygNLaXs2pd","spotify:track:0VsGaRXR5WAzpu51unJTis","spotify:track:3i9UVldZOE0aD0JnyfAZZ0","spotify:track:1AI7UPw3fgwAFkvAlZWhE0","spotify:track:70eFcWOvlMObDhURTqT4Fv"],"tracks_medium_term":["spotify:track:4bia7OWZPoswlzXCqESYrR","spotify:track:1Wds4TjXgP26AW9H8LALtQ","spotify:track:4vIKzWqtn44umal5jXq4wE","spotify:track:0AtP8EkGPn6SwxKDaUuXec","spotify:track:1AI7UPw3fgwAFkvAlZWhE0","spotify:track:6h2wpo2pshM8QnAvRySEO0","spotify:track:5T03itPFOPGGkvVPvPiyla","spotify:track:1Spmq0UazGU6ovMIlGldZX","spotify:track:4Kz4RdRCceaA9VgTqBhBfa","spotify:track:0VsGaRXR5WAzpu51unJTis"],"tracks_long_term":["spotify:track:0z29wv0x2IXrpWxNgICET7","spotify:track:2hSGhdXXEQSGrxFloqbPTv","spotify:track:0AtP8EkGPn6SwxKDaUuXec","spotify:track:30z2IlXuYkWxIjtXpD9C6a","spotify:track:1Wds4TjXgP26AW9H8LALtQ","spotify:track:5nVD23JU81W2JdNdlbtOXA","spotify:track:4vIKzWqtn44umal5jXq4wE","spotify:track:5T03itPFOPGGkvVPvPiyla","spotify:track:4bia7OWZPoswlzXCqESYrR","spotify:track:14pL776SlZHGCRW5bCxL4K"],"artists_long_term":["spotify:artist:6eUKZXaKkcviH0Ku9w2n3V","spotify:artist:6vWDO969PvNqNYHIOW5v0m","spotify:artist:4rF7c8zpCKzuSXohs2HIpA","spotify:artist:2hR4h1Cao2ueuI7Cx9c7V8","spotify:artist:06HL4z0CvFAxyc27GXpf02","spotify:artist:1VbWMsap5Ex2erHPlmndr0","spotify:artist:6qqNVTkY8uBg9cP3Jd7DAH","spotify:artist:3ajf12ub55b51qcS94d9Co","spotify:artist:3TVXtAsR1Inumwj472S9r4","spotify:artist:56oDRnqbIiwx4mymNEv7dS"]},"chosen_tracks":["spotify:track:4NmE2ytXI8S2svTRSmEdpO","spotify:track:2IHLaN6wwYKQ3S24NsQqpA","spotify:track:3i8zsYoNVBR70hhGaZUbxK","spotify:track:6h2wpo2pshM8QnAvRySEO0","spotify:track:7EvZucbeXRDEwT4cFpHEi8","spotify:track:3ZdJffjzJWFimSQyxgGIxN","spotify:track:1Wds4TjXgP26AW9H8LALtQ","spotify:track:2NbffhNltorifsuY5doB1l","spotify:track:67EUBsc4qosGOVbaYy6TeX","spotify:track:4Q66chx9WzqWcLItXoZ5r4"],"feedback":""}