{
  "user_id": "e586193700667aba954a2985536b7514",
  "top_tracks": {
    "artists_long_term": [
      "spotify:artist:6S2OmqARrzebs0tKUEyXyp"
    ],
    "tracks_long_term": [
      "spotify:track:5gqzlH95p4ypacXutR83cp",
      "spotify:track:0TNUso8l6GUhyy6TRhqddv",
      "spotify:track:274b742H7WN4dJ9goFI9YQ",
      "spotify:track:4sn0Ck12hSxDc5sUvQkcTN",
      "spotify:track:65VVPHgyY27qI6QiTBTmx1",
      "spotify:track:6FglKWNqCHXthu30eqZRLy",
      "spotify:track:1UHBcngfWo8hi3m003wZtX"
    ]
  },
  "chosen_tracks": [
    "spotify:track:6vLwOFz5BYeEJPyvgUea2D",
    "spotify:track:42E6UcdoJvsLXFWfdnmKGh",
    "spotify:track:1AM8QdDFZMq6SrrqUnuQ9P",
    "spotify:track:2PVqPbRv7mlCp2JYzDeMsc",
    "spotify:track:2tOOcDDYkh0PSjr6GwPEAJ",
    "spotify:track:6ZVLvkQhbL1TYHcR3kLFIa",
    "spotify:track:2jiPHbFX5XM8TjaTfYJ0eo",
    "spotify:track:6xq3Bd7MvZVa7pda9tC4MW",
    "spotify:track:2nzP8qAxOI9pz2Z2KsYYsB",
    "spotify:track:2NeM9rfWo70KQej9GxeaoL"
  ],
  "feedback": "IT IS NAMI (VAN BASSIE) "
}