{"user_id":"eb8009b5e8198f0178b288cc5b755456","top_tracks":{"artists_short_term":["spotify:artist:62QZPjYQMoo5g56FP9Webq","spotify:artist:1km0R7wy712AzLkA1WjKET","spotify:artist:3AA28KZvwAUcZuOKwyblJQ","spotify:artist:12Chz98pHFMPJEknJQMWvI","spotify:artist:1Qp56T7n950O3EGMsSl81D","spotify:artist:7jy3rLJdDQY21OgRLCZ9sD","spotify:artist:2WImpqiHxgOKw0sXNOGtWl","spotify:artist:1vCWHaC5f2uS3yhpwWbIA6","spotify:artist:3gd8FJtBJtkRxdfbTu19U2","spotify:artist:0pnd3MP2rxAzljR9AqXUJB"],"tracks_short_term":["spotify:track:5crhbtfcOWIfN5NbkqQRql","spotify:track:2zkspD0TzqDevOnl0FjKsN","spotify:track:5TXxwRgdIS4gPjUtKwTuSb","spotify:track:36CcV8HVCKXPvCzJj0LzP2","spotify:track:1ucAgkQ4EQDCSXQ2kEk99k","spotify:track:4sPZ6euGsdJxOE37TeF4MD","spotify:track:0YdWb05mQJwJnd3U7zXWFv","spotify:track:6VfLQ8dYSnnY13DpDSMfuq","spotify:track:17OqI90oTFZ3J8PVu6j07V","spotify:track:24WyDyJfAXgkcPddKdvfYA"],"artists_medium_term":["spotify:artist:62QZPjYQMoo5g56FP9Webq","spotify:artist:12Chz98pHFMPJEknJQMWvI","spotify:artist:1HY2Jd0NmPuamShAr6KMms","spotify:artist:1vCWHaC5f2uS3yhpwWbIA6","spotify:artist:1km0R7wy712AzLkA1WjKET","spotify:artist:0LcJLqbBmaGUft1e9Mm8HV","spotify:artist:1Qp56T7n950O3EGMsSl81D","spotify:artist:7jy3rLJdDQY21OgRLCZ9sD","spotify:artist:3AA28KZvwAUcZuOKwyblJQ","spotify:artist:4qOzMSukiZoiSjPQw8Zs7s"],"tracks_medium_term":["spotify:track:23khhseCLQqVMCIT1WMAns","spotify:track:2kecdnlyueotEMC8rdNlf6","spotify:track:50WeOnXhM1H7AZEeIDoWfZ","spotify:track:7wACkspl92hkVI1BtLDIKn","spotify:track:5rDFRvwao7MFzuhrBTkWMQ","spotify:track:0TFQMPTInaZ5IcYw7EVcEB","spotify:track:1PR8rVhosS1ceswh7VChus","spotify:track:6oT5s4bAHOMM5cvt1v9Kzv","spotify:track:36CcV8HVCKXPvCzJj0LzP2","spotify:track:1YbaFnkfGG6kafOIeYJcZ6"],"tracks_long_term":["spotify:track:4cluDES4hQEUhmXj6TXkSo","spotify:track:66wOMJ1XInkBukh3C9AwI2","spotify:track:33e9HtOfO1ye1h8xQ7Foc9","spotify:track:1tjHKKI0r82IB5KL29whHs","spotify:track:2lK27iy1WEtXCipOyeY927","spotify:track:5XZyIOvleZYTh0DD399M90","spotify:track:09TcIuH1ZO7i4vicWKoaN2","spotify:track:0HV1cGoX5ASBlPA1pqH8fG","spotify:track:33OdSmu4AdBViAXDbCEqK3","spotify:track:3jZomvOBa5qfTo5HkqI1p5"],"artists_long_term":["spotify:artist:12Chz98pHFMPJEknJQMWvI","spotify:artist:3gd8FJtBJtkRxdfbTu19U2","spotify:artist:4AK6F7OLvEQ5QYCBNiQWHq","spotify:artist:7jy3rLJdDQY21OgRLCZ9sD","spotify:artist:1vCWHaC5f2uS3yhpwWbIA6","spotify:artist:53XhwfbYqKCa1cC15pYq2q","spotify:artist:1km0R7wy712AzLkA1WjKET","spotify:artist:3XHO7cRUPCLOr6jwp8vsx5","spotify:artist:7EQ0qTo7fWT7DPxmxtSYEc","spotify:artist:26AHtbjWKiwYzsoGoUZq53"]},"chosen_tracks":["spotify:track:1ucAgkQ4EQDCSXQ2kEk99k","spotify:track:5TXxwRgdIS4gPjUtKwTuSb","spotify:track:5crhbtfcOWIfN5NbkqQRql","spotify:track:2zkspD0TzqDevOnl0FjKsN","spotify:track:36CcV8HVCKXPvCzJj0LzP2","spotify:track:2nRZDoVjdDujqBgieeUsQQ","spotify:track:6r9tjMWLv8fNdZKKTnqCEr","spotify:track:0c4IEciLCDdXEhhKxj4ThA","spotify:track:3jzsu8KsXhubwuzfEKrdYZ","spotify:track:7iLzqFHz5Pb0z4NstTaKwL"],"feedback":""}