{"user_id":"ec5d4c6da5d01e5816c7f6a90d258f08","top_tracks":{"artists_short_term":["spotify:artist:3AlRiyjMywTVNzTcHbf9QT","spotify:artist:4usBxmpmHRVy92QbcWk0M7","spotify:artist:6V7uHFhezuWIitHj3Owqq0","spotify:artist:0nJaMZM8paoA5HEUTUXPqi","spotify:artist:5rpTehBPpr3mo7L0ZDZhrQ","spotify:artist:6s5ubAp65wXoTZefE01RNR","spotify:artist:1J2VVASYAamtQ3Bt8wGgA6","spotify:artist:040Fqhc0l7a4MPeDx6cneh","spotify:artist:5me0Irg2ANcsgc93uaYrpb","spotify:artist:6mS5GeFyhea6w9OKo8PO3p"],"tracks_short_term":["spotify:track:1G1Tqrn6G7VcWhZmr8r1fz","spotify:track:5icFwbXGndi25cbxGRLc5y","spotify:track:1voJhw7aXz625afe9p9jaE","spotify:track:5CfqhrlBi27Sr2tuZ8uTbH","spotify:track:17kAOMJHMPQcYblWTT5GhJ","spotify:track:0sf12qNH5qcw8qpgymFOqD","spotify:track:0BHGl0UGMcBret2JsCzLTS","spotify:track:6vPoy18uWc4uWrnAIvfgaD","spotify:track:1CgbwsrNDlFrRuk2ebQ7zr","spotify:track:3HRQtRUYnnuZY7fE900XtJ"],"tracks_medium_term":["spotify:track:17kAOMJHMPQcYblWTT5GhJ","spotify:track:1gwVDu3zIbLfufg69APtCT","spotify:track:6hAAoKxujmzGrqz9djt0nt","spotify:track:3KTJyHBXiMBeoZ17rY8dS4","spotify:track:5icFwbXGndi25cbxGRLc5y","spotify:track:2CL888SGGSLxBbwy2GJutH","spotify:track:3xqoAxdwWu35k5zHfFlWPj","spotify:track:2XFJHRDvJ0CgSuMGfhSqI3","spotify:track:5pYi9fgjuMaU12c2AcllXD","spotify:track:3aCB78n2udQQQ0Yl4mu6tW"],"artists_medium_term":["spotify:artist:5rpTehBPpr3mo7L0ZDZhrQ","spotify:artist:0nJaMZM8paoA5HEUTUXPqi","spotify:artist:6mS5GeFyhea6w9OKo8PO3p","spotify:artist:7oPftvlwr6VrsViSDV7fJY","spotify:artist:23951Pg9PiLB8Uza3k12g6","spotify:artist:6FBDaR13swtiWwGhX1WQsP","spotify:artist:3AlRiyjMywTVNzTcHbf9QT","spotify:artist:6V7uHFhezuWIitHj3Owqq0","spotify:artist:4AK6F7OLvEQ5QYCBNiQWHq","spotify:artist:1Xyo4u8uXC1ZmMpatF05PJ"],"tracks_long_term":["spotify:track:6yqfweuhsH0WcOnBYn2sgP","spotify:track:1AMWqNYWHscj6xkpp4A9mX","spotify:track:1gwVDu3zIbLfufg69APtCT","spotify:track:3KTJyHBXiMBeoZ17rY8dS4","spotify:track:0BHGl0UGMcBret2JsCzLTS","spotify:track:41ZePQCyyEgcrWEj9DG5Dw","spotify:track:17kAOMJHMPQcYblWTT5GhJ","spotify:track:5aVaSiKfwDmxOdt7aOTi3l","spotify:track:4f9fwRXOdxxqFu8pgyLNSS","spotify:track:0EO6El2CzurrP3jgy05Kld"],"artists_long_term":["spotify:artist:3AlRiyjMywTVNzTcHbf9QT","spotify:artist:23951Pg9PiLB8Uza3k12g6","spotify:artist:0nJaMZM8paoA5HEUTUXPqi","spotify:artist:2dQgOfBP52UwjegY8FwJAY","spotify:artist:5rpTehBPpr3mo7L0ZDZhrQ","spotify:artist:6V7uHFhezuWIitHj3Owqq0","spotify:artist:4yiQZ8tQPux8cPriYMWUFP","spotify:artist:7jp5R1aY7kmwBYX3jIu9yk","spotify:artist:6FBDaR13swtiWwGhX1WQsP","spotify:artist:1u7uShzlA1tXJeox3jMFPq"]},"chosen_tracks":["spotify:track:5icFwbXGndi25cbxGRLc5y","spotify:track:4WPcIFEMZwdW40WbRkJNxs","spotify:track:5CfqhrlBi27Sr2tuZ8uTbH","spotify:track:6ADSaE87h8Y3lccZlBJdXH","spotify:track:2LGL71GENQR0oC9jMwTTZY"],"feedback":""}