{"user_id":"eeb2a3d9680d73b7ce4f9033b1182275","top_tracks":{"artists_short_term":["spotify:artist:1Xyo4u8uXC1ZmMpatF05PJ","spotify:artist:04vj3iPUiVh5melWr0w3xT","spotify:artist:4LLpKhyESsyAXpc4laK94U","spotify:artist:5Ce5Yeu5QL8yvibnS2CZUv","spotify:artist:7gtDeh1Zkik4ogUmIoHYjI","spotify:artist:6nS5roXSAGhTGr34W6n7Et","spotify:artist:2wY79sveU1sp5g7SokKOiI","spotify:artist:040Fqhc0l7a4MPeDx6cneh","spotify:artist:1HY2Jd0NmPuamShAr6KMms","spotify:artist:1bObiFZkYu7IfzxVlAVj5x"],"tracks_short_term":["spotify:track:4ejyZ4uJEXUURcgKp1kP8v","spotify:track:0Ipdu0jS46hkY2Tton6iTv","spotify:track:2AbhqUAK0wukEWyb61jqNN","spotify:track:0lb0lLMagI6ULbcgMCocPx","spotify:track:6VzcQuzTNTMFnJ6rBSaLH9","spotify:track:2eVofaQRJvddSUBfcub7Gz","spotify:track:7ezhwYOUAmCcMpCC1HxfBk","spotify:track:08HR9PoLSeovgXWvJEZrvi","spotify:track:1ZMiCix7XSAbfAJlEZWMCp","spotify:track:2x4i2WnE05D2Z7yEeytmPr"],"tracks_medium_term":["spotify:track:2b8fOow8UzyDFAE27YhOZM","spotify:track:0Ipdu0jS46hkY2Tton6iTv","spotify:track:7xx7mUGAPcMd6gGqHzoec9","spotify:track:7ezhwYOUAmCcMpCC1HxfBk","spotify:track:1LyTzI4uwNhOyGm1Qm0CWN","spotify:track:5qKdMteVok1Rog4vIKz75q","spotify:track:7Ej5VWvFlzGRvstFG3i6Yc","spotify:track:2eVofaQRJvddSUBfcub7Gz","spotify:track:5Y8UUyWfuQ0EAmYLvwwcJL","spotify:track:2AbhqUAK0wukEWyb61jqNN"],"artists_medium_term":["spotify:artist:6nB0iY1cjSY1KyhYyuIIKH","spotify:artist:32vWCbZh0xZ4o9gkz4PsEU","spotify:artist:2KjAo6wVc9d2WcxdxSArpV","spotify:artist:2VKfXEWzhUi9siHBDTI02Y","spotify:artist:4LLpKhyESsyAXpc4laK94U","spotify:artist:6KImCVD70vtIoJWnq6nGn3","spotify:artist:5Ce5Yeu5QL8yvibnS2CZUv","spotify:artist:040Fqhc0l7a4MPeDx6cneh","spotify:artist:3gd8FJtBJtkRxdfbTu19U2","spotify:artist:6mo0UbyIvIePdXNyLwQlk5"],"tracks_long_term":["spotify:track:4uvjOKsp7mSjrDhWdkLPBY","spotify:track:1OatgrWY1YSKO5QnWRotNa","spotify:track:2DnJjbjNTV9Nd5NOa1KGba","spotify:track:3DKYv4paFYB1p4H6qKaiKi","spotify:track:52JCni7FEGFTS8yEqW7F1N","spotify:track:254bXAqt3zP6P50BdQvEsq","spotify:track:7uWiToC3SvwwKFB1TURKAt","spotify:track:11zWfCQaGkXJ9uIXROr4pa","spotify:track:2fl7nbOFvke7Gukp1bUxGt","spotify:track:1tAyOmn5BUKsqHLZ2IQhIt"],"artists_long_term":["spotify:artist:2VKfXEWzhUi9siHBDTI02Y","spotify:artist:1HY2Jd0NmPuamShAr6KMms","spotify:artist:040Fqhc0l7a4MPeDx6cneh","spotify:artist:3gd8FJtBJtkRxdfbTu19U2","spotify:artist:2uFUBdaVGtyMqckSeCl0Qj","spotify:artist:30bxeFCSr3KfbhE4KO5H2o","spotify:artist:5x183GdNFhX9FETwGNpOZE","spotify:artist:1KCSPY1glIKqW2TotWuXOR","spotify:artist:04vj3iPUiVh5melWr0w3xT","spotify:artist:6eUKZXaKkcviH0Ku9w2n3V"]},"chosen_tracks":["spotify:track:2SpEHTbUuebeLkgs9QB7Ue","spotify:track:2x4i2WnE05D2Z7yEeytmPr","spotify:track:2l8Gq9hNquNgzgv00DftKX","spotify:track:6ahUlke5XTcNsBeafd2Fih","spotify:track:2WIUbg8CiAsKuQMw9DzZ1d","spotify:track:7GWU6dQFjYF5YpsAUwZfGq"],"feedback":""}