{"user_id":"f6fd5b6bc64f3aa64268c4174ced7dc1","top_tracks":{"artists_short_term":["spotify:artist:3TOqt5oJwL9BE2NG9MEwDa"],"tracks_short_term":["spotify:track:5wQnmLuC1W7ATsArWACrgW","spotify:track:4hTg9q0AnxtH4yZKeRcMin","spotify:track:6bvTzuFABmFnAAmVZ3nlMh","spotify:track:39RKlCfLoqb8o2aXfpVfjW","spotify:track:3jjU4Pky1ja5J1onU6ei4T","spotify:track:40rvBMQizxkIqnjPdEWY1v","spotify:track:42ZVk59gT4tMlrZmd8Ijxf","spotify:track:5cxp9kjCFyJwzv3lzeX7ku","spotify:track:6RJdYpFQwLyNfDc5FbjkgV","spotify:track:0eZBeB2xFIS65jQHerispi"],"tracks_medium_term":["spotify:track:5ZULALImTm80tzUbYQYM9d","spotify:track:46Kcradxrva9Dny4lHU1b3","spotify:track:5wQnmLuC1W7ATsArWACrgW","spotify:track:4hTg9q0AnxtH4yZKeRcMin","spotify:track:5oWSIIJyMb0xAtAUcGJmy1","spotify:track:24z528iI9kZu5LbkLainjI","spotify:track:08w1hnWW4GhVm61DoVojsY","spotify:track:4s4XzNKcU3PtmeV7OdXDmv","spotify:track:70fdF045x3n1ahv7MG6Z4H","spotify:track:6y2Kaz9QI01XBKJ8mTb7Pf"],"artists_medium_term":["spotify:artist:2ye2Wgw4gimLv2eAKyk1NB","spotify:artist:6wWVKhxIU2cEi0K81v7HvP","spotify:artist:4f9iBmdUOhQWeP7dcAn1pf","spotify:artist:74eX4C98E4FCrAMl39qRsJ","spotify:artist:0RqtSIYZmd4fiBKVFqyIqD","spotify:artist:4bCGs1M7PyTfQFtxvRvUom","spotify:artist:6OmIk51WhiXbYhLwaqjuMp","spotify:artist:7CajNmpbOovFoOoasH2HaY","spotify:artist:4RddZ3iHvSpGV4dvATac9X","spotify:artist:6mfghV4I1CD17FOhDKq7cJ"],"artists_long_term":["spotify:artist:4RddZ3iHvSpGV4dvATac9X","spotify:artist:57ylwQTnFnIhJh4nu4rxCs","spotify:artist:3o2dn2O0FCVsWDFSh8qxgG","spotify:artist:74eX4C98E4FCrAMl39qRsJ","spotify:artist:6XyY86QOPPrYVGvF9ch6wz","spotify:artist:1Ffb6ejR6Fe5IamqA5oRUF","spotify:artist:5t28BP42x2axFnqOOMg3CM","spotify:artist:0L5fC7Ogm2YwgqVCRcF1bT","spotify:artist:6Wr3hh341P84m3EI8qdn9O","spotify:artist:7dGJo4pcD2V6oG8kP0tJRR"],"tracks_long_term":["spotify:track:0WSa1sucoNRcEeULlZVQXj","spotify:track:0MqhXAFU5rnOtskcRkllYG","spotify:track:0E9ZjEAyAwOXZ7wJC0PD33","spotify:track:7d9sZF7jmepe2EYdETlNWK","spotify:track:6r7bDk4J0Okw4ezTBUQXo3","spotify:track:3NThq9BqYtKYBfsHIogjM6","spotify:track:0gchQwxmBWj5no8NJ8b2yH","spotify:track:1vcxF91pWs9uNwDROuiCPB","spotify:track:7hntkdvG3jWdFKm7pGCCzd","spotify:track:0y1QJc3SJVPKJ1OvFmFqe6"]},"chosen_tracks":["spotify:track:5ZrDlcxIDZyjOzHdYW1ydr","spotify:track:7pwBWXciUDqOyIvtj82Wcn","spotify:track:18lq8FwQ94jlSk95PTM7Mr","spotify:track:0tIqERCyX2ogv5Yn00kswb","spotify:track:0OXGllfpE2q1agVPx1XkIY","spotify:track:04ad6JdnrYtTQ2hjc4LulJ","spotify:track:7hIKkllltXJFgGfUZbVazE","spotify:track:5qHae17FUTpfL5BikapgIK","spotify:track:7vJgjjXD9spt5fgaSPox9z","spotify:track:6WjNSfSOf7jEAzP93d2TDw"],"feedback":""}