{"user_id":"fc37afb93141b09408c9fcf9247c4605","top_tracks":{"artists_short_term":["spotify:artist:6qqNVTkY8uBg9cP3Jd7DAH","spotify:artist:3YQKmKGau1PzlVlkL1iodx","spotify:artist:61lyPtntblHJvA7FMMhi7E","spotify:artist:20gsENnposVs2I4rQ5kvrf","spotify:artist:1Wt63OMKtv6v2ivHuQLm2C","spotify:artist:6L7a6wPGpvLtTwOsMLnF1z","spotify:artist:240wlM8vDrf6S4zCyzGj2W","spotify:artist:3t5xRXzsuZmMDkQzgOX35S","spotify:artist:0C0XlULifJtAgn6ZNCW2eu","spotify:artist:7f5Zgnp2spUuuzKplmRkt7"],"tracks_short_term":["spotify:track:1HofWGTrBHyNf5CqJV9PFf","spotify:track:3ZCTVFBt2Brf31RLEnCkWJ","spotify:track:0mKs1tMPvyVVh0Vb25IYq2","spotify:track:3skn2lauGk7Dx6bVIt5DVj","spotify:track:62oUgHSx7RPfgVWv1AYOpY","spotify:track:2Fxmhks0bxGSBdJ92vM42m","spotify:track:2Z8WuEywRWYTKe1NybPQEW","spotify:track:6or1bKJiZ06IlK0vFvY75k","spotify:track:73SpzrcaHk0RQPFP73vqVR","spotify:track:43zdsphuZLzwA9k4DJhU0I"],"artists_medium_term":["spotify:artist:7Ln80lUS6He07XvHI8qqHH","spotify:artist:3MZsBdqDrRTJihTHQrO6Dq","spotify:artist:0C0XlULifJtAgn6ZNCW2eu","spotify:artist:240wlM8vDrf6S4zCyzGj2W","spotify:artist:61lyPtntblHJvA7FMMhi7E","spotify:artist:1Xyo4u8uXC1ZmMpatF05PJ","spotify:artist:6qqNVTkY8uBg9cP3Jd7DAH","spotify:artist:60d24wfXkVzDSfLS6hyCjZ","spotify:artist:5WUlDfRSoLAfcVSX1WnrxN","spotify:artist:4Q6nIcaBED8qUel8bBx6Cr"],"tracks_medium_term":["spotify:track:5dS2dvXVPe7AR6UwBpnomW","spotify:track:2AT8iROs4FQueDv2c8q2KE","spotify:track:0rKtyWc8bvkriBthvHKY8d","spotify:track:5FVd6KXrgO9B3JPmC8OPst","spotify:track:0GiwV6v3AgJfdu59tj719Y","spotify:track:29MOOOmMRPeWyPwKQFoF5t","spotify:track:1HofWGTrBHyNf5CqJV9PFf","spotify:track:2FY7b99s15jUprqC0M5NCT","spotify:track:2K7H29vwypqXbRqFgERicH","spotify:track:2zzLRQ78kKfPTx8FJQCdC2"],"tracks_long_term":["spotify:track:2K7H29vwypqXbRqFgERicH","spotify:track:1HrMWH5GUdK6Yi94rbANJA","spotify:track:4QVUWECCW3WPs4jZOYOYTQ","spotify:track:3MkuFR7t25mu7Iscp6GGiV","spotify:track:5FVd6KXrgO9B3JPmC8OPst","spotify:track:2AT8iROs4FQueDv2c8q2KE","spotify:track:0azC730Exh71aQlOt9Zj3y","spotify:track:7J8iTj9FU0Mw8VBbGBpFIY","spotify:track:1oTPwGPqIRkJeTYAMmXF2W","spotify:track:7ko64FZgc63TnZuYhusU21"],"artists_long_term":["spotify:artist:5K4W6rqBFWDnAN6FQUkS6x","spotify:artist:7CajNmpbOovFoOoasH2HaY","spotify:artist:7Ln80lUS6He07XvHI8qqHH","spotify:artist:5vBSrE1xujD2FXYRarbAXc","spotify:artist:12Chz98pHFMPJEknJQMWvI","spotify:artist:6cEuCEZu7PAE9ZSzLLc2oQ","spotify:artist:1Cs0zKBU1kc0i8ypK3B9ai","spotify:artist:4VNQWV2y1E97Eqo2D5UTjx","spotify:artist:2SrSdSvpminqmStGELCSNd","spotify:artist:4IZLJdhHCqAvT4pjn8TLH5"]},"chosen_tracks":["spotify:track:3DQVgcqaP3iSMbaKsd57l5","spotify:track:2XU0oxnq2qxCpomAAuJY8K","spotify:track:5Nbsv7ERwYRaG9fH8Zssvc","spotify:track:7CN6ZYIX338ekn7pb2CpQp","spotify:track:0sf12qNH5qcw8qpgymFOqD","spotify:track:6rO7Ljvkmj4ESCIcGEsVdT","spotify:track:0azC730Exh71aQlOt9Zj3y","spotify:track:4zuy08yhEhlu5YSTM3WqRD"],"feedback":""}