{"user_id":"fe3ad14615c1f2a82f535e80b00bc0f2","top_tracks":{"artists_short_term":["spotify:artist:4UXqAaa6dQYAk18Lv7PEgX","spotify:artist:707cnVfI3ISM4j5uzfTc7J","spotify:artist:4SGDDnlwi5G42HTGzYl2Fc","spotify:artist:3i7yhYt2s1AK269jue0DDs","spotify:artist:76nW12AUcUVEiC8fwFoAns"],"artists_medium_term":["spotify:artist:6HvxVrWsDnHiqMHjYrElYO","spotify:artist:4UXqAaa6dQYAk18Lv7PEgX","spotify:artist:6BF0bXbsdujMSMeFZBGcBq","spotify:artist:6dZAVi5PugDwlAnH8KMEGl","spotify:artist:20JZFwl6HVl6yg8a4H3ZqK","spotify:artist:1HY2Jd0NmPuamShAr6KMms","spotify:artist:5F1aoppMtU3OMiltO8ymJ2","spotify:artist:707cnVfI3ISM4j5uzfTc7J","spotify:artist:1yxSLGMDHlW21z4YXirZDS","spotify:artist:2y1TgaVWL39MJOI15PTKAN"],"tracks_short_term":["spotify:track:5PUawWFG1oIS2NwEcyHaCr","spotify:track:20052FYa2SF5Lkp9VZTLJX","spotify:track:5MwFuq2SOtX78sE93p6MS7","spotify:track:0ThWw4Mty8Sb0mzaXyFvt8","spotify:track:7D9Jhcu3r5UcVbqwKuZKsV","spotify:track:0puf9yIluy9W0vpMEUoAnN","spotify:track:12sPjrBuOP9sIKiQgmIY8Y","spotify:track:2E43WFS4rRc09za2r2GmZl","spotify:track:2RNvjHLcUl1ft5v5szLP5U","spotify:track:4ylWMuGbMXNDgDd8lErEle"],"tracks_medium_term":["spotify:track:6oWacAPUt8LMXqRkEk2MNg","spotify:track:12sPjrBuOP9sIKiQgmIY8Y","spotify:track:1KbudpppSLPmJULJ8A5eSf","spotify:track:7IxJI1ffpERSc6Ii8UGI3G","spotify:track:0RoA7ObU6phWpqhlC9zH4Z","spotify:track:1CE1sO6UslbJLWp1HDhp5s","spotify:track:7duEsCj7QbHyjNFmntqM0J","spotify:track:4ylWMuGbMXNDgDd8lErEle","spotify:track:5PUawWFG1oIS2NwEcyHaCr","spotify:track:6NALgwxQrzg4kIlKo9u4t9"],"tracks_long_term":["spotify:track:2Heh0PiDG6F9fUHID8XV0Z","spotify:track:6knmpZelAk5aKoUg62sEDY","spotify:track:0pGSzhaIAQluUQlGXOUND8","spotify:track:2PBOI7vYicqDaG9rYbycUO","spotify:track:4g7TFt9WhbxJiishkllz3N","spotify:track:0Wel6UModISczHwHHrdoNq","spotify:track:5mN0UUIKMVtnfsW8lhwzqY","spotify:track:0DEM6yQbq6MHNaOaaZDmqv","spotify:track:0mbhMnWXKabJNG91e1qPOw","spotify:track:6oWacAPUt8LMXqRkEk2MNg"],"artists_long_term":["spotify:artist:1bDWGdIC2hardyt55nlQgG","spotify:artist:53XhwfbYqKCa1cC15pYq2q","spotify:artist:0YC192cP3KPCRWx8zr8MfZ","spotify:artist:6HvxVrWsDnHiqMHjYrElYO","spotify:artist:20JZFwl6HVl6yg8a4H3ZqK","spotify:artist:4UXqAaa6dQYAk18Lv7PEgX","spotify:artist:03GruNQP8X25PCoWzdvIGZ","spotify:artist:480xKab3lUPhBBnCzlzqIu","spotify:artist:04gDigrS5kc9YWfZHwBETP","spotify:artist:1kDGbuxWknIKx4FlgWxiSp"]},"chosen_tracks":["spotify:track:0ZoxdGmVIGzxUSi6nkQ98G","spotify:track:5crhbtfcOWIfN5NbkqQRql","spotify:track:4ylWMuGbMXNDgDd8lErEle","spotify:track:6IMHlXaG4aCFWupl9NCZO2","spotify:track:3fCyP5h59OZOgfqQbeO1lJ","spotify:track:21BYhl07wWqGRQaj7sUxdV","spotify:track:5PUawWFG1oIS2NwEcyHaCr","spotify:track:2RNvjHLcUl1ft5v5szLP5U","spotify:track:7sHsV9qH0x2NpB7w5JuteV","spotify:track:1ax1iHiI7sMzjoL66Kwi1A"],"feedback":""}